Date,Open,High,Low,Close,Adj_Close,Volume,Name
2022-12-30,3829.06,3839.85,3800.34,3839.5,3839.5,"2,979,870,000",S&P500
2022-12-29,3805.45,3858.19,3805.45,3849.28,3849.28,"3,003,680,000",S&P500
2022-12-28,3829.56,3848.32,3780.78,3783.22,3783.22,"3,083,520,000",S&P500
2022-12-27,3843.34,3846.65,3813.22,3829.25,3829.25,"3,030,300,000",S&P500
2022-12-23,3815.11,3845.8,3797.01,3844.82,3844.82,"2,819,280,000",S&P500
2022-12-22,3853.26,3853.26,3764.49,3822.39,3822.39,"3,956,950,000",S&P500
2022-12-21,3839.49,3889.82,3839.49,3878.44,3878.44,"3,775,200,000",S&P500
2022-12-20,3810.47,3838.24,3795.62,3821.62,3821.62,"3,985,370,000",S&P500
2022-12-19,3853.79,3854.86,3800.04,3817.66,3817.66,"3,969,610,000",S&P500
2022-12-16,3890.91,3890.91,3827.91,3852.36,3852.36,"7,493,660,000",S&P500
2022-12-15,3958.37,3958.37,3879.45,3895.75,3895.75,"4,493,900,000",S&P500
2022-12-14,4015.54,4053.76,3965.65,3995.32,3995.32,"4,472,340,000",S&P500
2022-12-13,4069.38,4100.96,3993.03,4019.65,4019.65,"5,079,360,000",S&P500
2022-12-12,3939.29,3990.71,3935.3,3990.56,3990.56,"3,904,130,000",S&P500
2022-12-09,3954.17,3977.02,3933.04,3934.38,3934.38,"3,888,260,000",S&P500
2022-12-08,3947.79,3974.19,3935.83,3963.51,3963.51,"4,006,900,000",S&P500
2022-12-07,3933.28,3957.57,3922.68,3933.92,3933.92,"4,118,050,000",S&P500
2022-12-06,3996.63,4001.51,3918.39,3941.26,3941.26,"4,368,380,000",S&P500
2022-12-05,4052.02,4052.45,3984.49,3998.84,3998.84,"4,280,820,000",S&P500
2022-12-02,4040.17,4080.48,4026.63,4071.7,4071.7,"4,012,620,000",S&P500
2022-12-01,4087.14,4100.51,4050.87,4076.57,4076.57,"4,527,130,000",S&P500
2022-11-30,3957.18,4080.11,3938.58,4080.11,4080.11,"6,579,360,000",S&P500
2022-11-29,3964.19,3976.77,3937.65,3957.63,3957.63,"3,546,040,000",S&P500
2022-11-28,4005.36,4012.27,3955.77,3963.94,3963.94,"3,615,430,000",S&P500
2022-11-25,4023.34,4034.02,4020.76,4026.12,4026.12,"1,706,460,000",S&P500
2022-11-23,4000.3,4033.78,3998.66,4027.26,4027.26,"3,279,720,000",S&P500
2022-11-22,3965.51,4005.88,3956.88,4003.58,4003.58,"3,887,990,000",S&P500
2022-11-21,3956.23,3962.0,3933.34,3949.94,3949.94,"3,850,690,000",S&P500
2022-11-18,3966.39,3979.89,3935.98,3965.34,3965.34,"4,037,360,000",S&P500
2022-11-17,3919.26,3954.33,3906.54,3946.56,3946.56,"4,051,780,000",S&P500
2022-11-16,3976.82,3983.09,3954.34,3958.79,3958.79,"4,165,320,000",S&P500
2022-11-15,4006.41,4028.84,3953.17,3991.73,3991.73,"5,015,310,000",S&P500
2022-11-14,3977.97,4008.97,3956.4,3957.25,3957.25,"4,561,930,000",S&P500
2022-11-11,3963.72,4001.48,3944.82,3992.93,3992.93,"5,593,310,000",S&P500
2022-11-10,3859.89,3958.33,3859.89,3956.37,3956.37,"5,781,260,000",S&P500
2022-11-09,3810.94,3818.2,3744.22,3748.57,3748.57,"4,645,010,000",S&P500
2022-11-08,3817.02,3859.4,3786.28,3828.11,3828.11,"4,607,640,000",S&P500
2022-11-07,3780.71,3813.95,3764.7,3806.8,3806.8,"4,341,620,000",S&P500
2022-11-04,3766.98,3796.34,3708.84,3770.55,3770.55,"5,400,180,000",S&P500
2022-11-03,3733.25,3750.59,3698.15,3719.89,3719.89,"4,625,290,000",S&P500
2022-11-02,3852.9,3894.44,3758.68,3759.69,3759.69,"4,899,000,000",S&P500
2022-11-01,3901.79,3911.79,3843.8,3856.1,3856.1,"4,481,210,000",S&P500
2022-10-31,3881.85,3893.73,3863.18,3871.98,3871.98,"4,820,620,000",S&P500
2022-10-28,3808.26,3905.42,3808.26,3901.06,3901.06,"4,459,410,000",S&P500
2022-10-27,3834.69,3859.95,3803.79,3807.3,3807.3,"4,687,320,000",S&P500
2022-10-26,3825.97,3886.15,3824.07,3830.6,3830.6,"4,817,310,000",S&P500
2022-10-25,3799.44,3862.85,3799.44,3859.11,3859.11,"4,843,120,000",S&P500
2022-10-24,3762.01,3810.74,3741.65,3797.34,3797.34,"4,747,930,000",S&P500
2022-10-21,3657.1,3757.89,3647.42,3752.75,3752.75,"5,078,020,000",S&P500
2022-10-20,3689.05,3736.0,3656.44,3665.78,3665.78,"4,496,620,000",S&P500
2022-10-19,3703.11,3728.58,3666.51,3695.16,3695.16,"4,223,800,000",S&P500
2022-10-18,3746.26,3762.79,3686.53,3719.98,3719.98,"4,483,740,000",S&P500
2022-10-17,3638.65,3689.73,3638.65,3677.95,3677.95,"4,352,780,000",S&P500
2022-10-14,3690.41,3712.0,3579.68,3583.07,3583.07,"4,243,030,000",S&P500
2022-10-13,3520.37,3685.41,3491.58,3669.91,3669.91,"5,021,680,000",S&P500
2022-10-12,3590.83,3608.34,3573.86,3577.03,3577.03,"4,006,830,000",S&P500
2022-10-11,3595.86,3640.66,3568.45,3588.84,3588.84,"4,759,030,000",S&P500
2022-10-10,3647.51,3652.17,3588.1,3612.39,3612.39,"3,834,320,000",S&P500
2022-10-07,3706.74,3706.74,3620.73,3639.66,3639.66,"4,449,660,000",S&P500
2022-10-06,3771.97,3797.93,3739.22,3744.52,3744.52,"4,252,100,000",S&P500
2022-10-05,3753.25,3806.91,3722.66,3783.28,3783.28,"4,293,180,000",S&P500
2022-10-04,3726.46,3791.92,3726.46,3790.93,3790.93,"5,146,580,000",S&P500
2022-10-03,3609.78,3698.35,3604.93,3678.43,3678.43,"4,806,680,000",S&P500
2022-09-30,3633.48,3671.44,3584.13,3585.62,3585.62,"5,645,360,000",S&P500
2022-09-29,3687.01,3687.01,3610.4,3640.47,3640.47,"4,681,810,000",S&P500
2022-09-28,3651.94,3736.74,3640.61,3719.04,3719.04,"4,684,850,000",S&P500
2022-09-27,3686.44,3717.53,3623.29,3647.29,3647.29,"4,577,740,000",S&P500
2022-09-26,3682.72,3715.67,3644.76,3655.04,3655.04,"4,886,140,000",S&P500
2022-09-23,3727.14,3727.14,3647.47,3693.23,3693.23,"5,144,270,000",S&P500
2022-09-22,3782.36,3790.9,3749.45,3757.99,3757.99,"4,284,600,000",S&P500
2022-09-21,3871.4,3907.07,3789.49,3789.93,3789.93,"4,078,330,000",S&P500
2022-09-20,3875.23,3876.01,3827.54,3855.93,3855.93,"4,058,050,000",S&P500
2022-09-19,3849.91,3900.45,3838.5,3899.89,3899.89,"3,766,850,000",S&P500
2022-09-16,3880.95,3880.95,3837.08,3873.33,3873.33,"7,954,650,000",S&P500
2022-09-15,3932.41,3959.14,3888.28,3901.35,3901.35,"4,441,830,000",S&P500
2022-09-14,3940.73,3961.94,3912.18,3946.01,3946.01,"4,293,240,000",S&P500
2022-09-13,4037.12,4037.12,3921.28,3932.69,3932.69,"4,224,550,000",S&P500
2022-09-12,4083.67,4119.28,4083.67,4110.41,4110.41,"3,814,200,000",S&P500
2022-09-09,4022.94,4076.81,4022.94,4067.36,4067.36,"3,901,940,000",S&P500
2022-09-08,3959.94,4010.5,3944.81,4006.18,4006.18,"3,966,850,000",S&P500
2022-09-07,3909.43,3987.89,3906.03,3979.87,3979.87,"3,890,320,000",S&P500
2022-09-06,3930.89,3942.55,3886.75,3908.19,3908.19,"4,127,340,000",S&P500
2022-09-02,3994.66,4018.43,3906.21,3924.26,3924.26,"3,665,850,000",S&P500
2022-09-01,3936.73,3970.23,3903.65,3966.85,3966.85,"4,152,250,000",S&P500
2022-08-31,4000.67,4015.37,3954.53,3955.0,3955.0,"4,542,490,000",S&P500
2022-08-30,4041.25,4044.98,3965.21,3986.16,3986.16,"3,835,860,000",S&P500
2022-08-29,4034.58,4062.99,4017.42,4030.61,4030.61,"3,396,510,000",S&P500
2022-08-26,4198.74,4203.04,4057.66,4057.66,4057.66,"3,832,750,000",S&P500
2022-08-25,4153.26,4200.54,4147.59,4199.12,4199.12,"3,566,870,000",S&P500
2022-08-24,4126.55,4156.56,4119.97,4140.77,4140.77,"3,583,630,000",S&P500
2022-08-23,4133.09,4159.77,4124.03,4128.73,4128.73,"3,823,520,000",S&P500
2022-08-22,4195.08,4195.08,4129.86,4137.99,4137.99,"3,907,430,000",S&P500
2022-08-19,4266.31,4266.31,4218.7,4228.48,4228.48,"3,761,340,000",S&P500
2022-08-18,4273.13,4292.53,4261.98,4283.74,4283.74,"3,340,330,000",S&P500
2022-08-17,4280.4,4302.18,4253.08,4274.04,4274.04,"3,885,030,000",S&P500
2022-08-16,4290.46,4325.28,4277.77,4305.2,4305.2,"4,329,820,000",S&P500
2022-08-15,4269.37,4301.79,4256.9,4297.14,4297.14,"3,696,830,000",S&P500
2022-08-12,4225.02,4280.47,4219.78,4280.15,4280.15,"3,788,010,000",S&P500
2022-08-11,4227.4,4257.91,4201.41,4207.27,4207.27,"4,630,200,000",S&P500
2022-08-10,4181.02,4211.03,4177.26,4210.24,4210.24,"4,546,010,000",S&P500
2022-08-09,4133.11,4137.3,4112.09,4122.47,4122.47,"3,913,090,000",S&P500
2022-08-08,4155.93,4186.62,4128.97,4140.06,4140.06,"4,221,090,000",S&P500
2022-08-05,4115.87,4151.58,4107.31,4145.19,4145.19,"4,085,940,000",S&P500
2022-08-04,4154.85,4161.29,4135.42,4151.94,4151.94,"4,283,320,000",S&P500
2022-08-03,4107.96,4167.66,4107.96,4155.17,4155.17,"4,351,760,000",S&P500
2022-08-02,4104.21,4140.47,4079.81,4091.19,4091.19,"4,727,710,000",S&P500
2022-08-01,4112.38,4144.95,4096.02,4118.63,4118.63,"4,202,810,000",S&P500
2022-07-29,4087.33,4140.15,4079.22,4130.29,4130.29,"4,616,360,000",S&P500
2022-07-28,4026.13,4078.95,3992.97,4072.43,4072.43,"4,413,000,000",S&P500
2022-07-27,3951.43,4039.56,3951.43,4023.61,4023.61,"4,112,180,000",S&P500
2022-07-26,3953.22,3953.22,3910.74,3921.05,3921.05,"3,778,950,000",S&P500
2022-07-25,3965.72,3975.3,3943.46,3966.84,3966.84,"3,568,340,000",S&P500
2022-07-22,3998.43,4012.44,3938.86,3961.63,3961.63,"3,979,240,000",S&P500
2022-07-21,3955.47,3999.29,3927.64,3998.95,3998.95,"4,132,790,000",S&P500
2022-07-20,3935.32,3974.13,3922.03,3959.9,3959.9,"4,185,300,000",S&P500
2022-07-19,3860.73,3939.81,3860.73,3936.69,3936.69,"4,041,070,000",S&P500
2022-07-18,3883.79,3902.44,3818.63,3830.85,3830.85,"4,046,870,000",S&P500
2022-07-15,3818.0,3863.62,3817.18,3863.16,3863.16,"4,143,800,000",S&P500
2022-07-14,3763.99,3796.41,3721.56,3790.38,3790.38,"4,199,690,000",S&P500
2022-07-13,3779.67,3829.44,3759.07,3801.78,3801.78,"4,109,390,000",S&P500
2022-07-12,3851.95,3873.41,3802.36,3818.8,3818.8,"3,817,210,000",S&P500
2022-07-11,3880.94,3880.94,3847.22,3854.43,3854.43,"3,423,480,000",S&P500
2022-07-08,3888.26,3918.5,3869.34,3899.38,3899.38,"3,521,620,000",S&P500
2022-07-07,3858.85,3910.63,3858.85,3902.62,3902.62,"4,057,770,000",S&P500
2022-07-06,3831.98,3870.91,3809.37,3845.08,3845.08,"4,417,720,000",S&P500
2022-07-05,3792.61,3832.19,3742.06,3831.39,3831.39,"5,076,590,000",S&P500
2022-07-01,3781.0,3829.82,3752.1,3825.33,3825.33,"4,046,950,000",S&P500
2022-06-30,3785.99,3818.99,3738.67,3785.38,3785.38,"4,840,070,000",S&P500
2022-06-29,3825.09,3836.5,3799.02,3818.83,3818.83,"4,211,240,000",S&P500
2022-06-28,3913.0,3945.86,3820.14,3821.55,3821.55,"4,270,120,000",S&P500
2022-06-27,3920.76,3927.72,3889.66,3900.11,3900.11,"4,325,310,000",S&P500
2022-06-24,3821.75,3913.65,3821.75,3911.74,3911.74,"8,120,260,000",S&P500
2022-06-23,3774.71,3802.58,3743.52,3795.73,3795.73,"5,098,640,000",S&P500
2022-06-22,3733.89,3801.79,3717.69,3759.89,3759.89,"5,058,990,000",S&P500
2022-06-21,3715.31,3779.65,3715.31,3764.79,3764.79,"5,292,260,000",S&P500
2022-06-17,3665.9,3707.71,3636.87,3674.84,3674.84,"8,520,740,000",S&P500
2022-06-16,3728.18,3728.18,3639.77,3666.77,3666.77,"5,644,930,000",S&P500
2022-06-15,3764.05,3837.56,3722.3,3789.99,3789.99,"5,530,480,000",S&P500
2022-06-14,3763.52,3778.18,3705.68,3735.48,3735.48,"5,153,890,000",S&P500
2022-06-13,3838.15,3838.15,3734.3,3749.63,3749.63,"5,636,890,000",S&P500
2022-06-10,3974.39,3974.39,3900.16,3900.86,3900.86,"4,889,640,000",S&P500
2022-06-09,4101.65,4119.1,4017.17,4017.82,4017.82,"4,134,170,000",S&P500
2022-06-08,4147.12,4160.14,4107.2,4115.77,4115.77,"4,159,470,000",S&P500
2022-06-07,4096.47,4164.86,4080.19,4160.68,4160.68,"4,248,210,000",S&P500
2022-06-06,4134.72,4168.78,4109.18,4121.43,4121.43,"4,332,700,000",S&P500
2022-06-03,4137.57,4142.67,4098.67,4108.54,4108.54,"3,711,110,000",S&P500
2022-06-02,4095.41,4177.51,4074.37,4176.82,4176.82,"4,405,790,000",S&P500
2022-06-01,4149.78,4166.54,4073.85,4101.23,4101.23,"4,531,800,000",S&P500
2022-05-31,4151.09,4168.34,4104.88,4132.15,4132.15,"6,822,640,000",S&P500
2022-05-27,4077.43,4158.49,4077.43,4158.24,4158.24,"4,375,620,000",S&P500
2022-05-26,3984.6,4075.14,3984.6,4057.84,4057.84,"4,709,970,000",S&P500
2022-05-25,3929.59,3999.33,3925.03,3978.73,3978.73,"4,802,560,000",S&P500
2022-05-24,3942.94,3955.68,3875.13,3941.48,3941.48,"4,923,190,000",S&P500
2022-05-23,3919.42,3981.88,3909.04,3973.75,3973.75,"4,420,030,000",S&P500
2022-05-20,3927.76,3943.42,3810.32,3901.36,3901.36,"5,130,730,000",S&P500
2022-05-19,3899.0,3945.96,3876.58,3900.79,3900.79,"5,113,550,000",S&P500
2022-05-18,4051.98,4051.98,3911.91,3923.68,3923.68,"5,103,220,000",S&P500
2022-05-17,4052.0,4090.72,4033.93,4088.85,4088.85,"4,841,410,000",S&P500
2022-05-16,4013.02,4046.46,3983.99,4008.01,4008.01,"4,415,030,000",S&P500
2022-05-13,3963.9,4038.88,3963.9,4023.89,4023.89,"5,183,340,000",S&P500
2022-05-12,3903.95,3964.8,3858.87,3930.08,3930.08,"6,286,450,000",S&P500
2022-05-11,3990.08,4049.09,3928.82,3935.18,3935.18,"5,816,140,000",S&P500
2022-05-10,4035.18,4068.82,3958.17,4001.05,4001.05,"5,885,820,000",S&P500
2022-05-09,4081.27,4081.27,3975.48,3991.24,3991.24,"5,954,520,000",S&P500
2022-05-06,4128.17,4157.69,4067.91,4123.34,4123.34,"5,116,940,000",S&P500
2022-05-05,4270.43,4270.43,4106.01,4146.87,4146.87,"5,077,030,000",S&P500
2022-05-04,4181.18,4307.66,4148.91,4300.17,4300.17,"5,136,360,000",S&P500
2022-05-03,4159.78,4200.1,4147.08,4175.48,4175.48,"4,582,050,000",S&P500
2022-05-02,4130.61,4169.81,4062.51,4155.38,4155.38,"5,163,790,000",S&P500
2022-04-29,4253.75,4269.68,4124.28,4131.93,4131.93,"5,084,030,000",S&P500
2022-04-28,4222.58,4308.45,4188.63,4287.5,4287.5,"4,854,180,000",S&P500
2022-04-27,4186.52,4240.71,4162.9,4183.96,4183.96,"4,769,680,000",S&P500
2022-04-26,4278.14,4278.14,4175.04,4175.2,4175.2,"4,689,970,000",S&P500
2022-04-25,4255.34,4299.02,4200.82,4296.12,4296.12,"5,240,040,000",S&P500
2022-04-22,4385.83,4385.83,4267.62,4271.78,4271.78,"4,651,940,000",S&P500
2022-04-21,4489.17,4512.94,4384.47,4393.66,4393.66,"4,636,890,000",S&P500
2022-04-20,4472.26,4488.29,4448.76,4459.45,4459.45,"4,290,450,000",S&P500
2022-04-19,4390.63,4471.03,4390.63,4462.21,4462.21,"4,108,120,000",S&P500
2022-04-18,4385.63,4410.31,4370.3,4391.69,4391.69,"3,910,490,000",S&P500
2022-04-14,4449.12,4460.46,4390.77,4392.59,4392.59,"4,083,090,000",S&P500
2022-04-13,4394.3,4453.92,4392.7,4446.59,4446.59,"3,828,150,000",S&P500
2022-04-12,4437.59,4471.0,4381.34,4397.45,4397.45,"4,152,090,000",S&P500
2022-04-11,4462.64,4464.35,4408.38,4412.53,4412.53,"4,266,290,000",S&P500
2022-04-08,4494.15,4520.41,4474.6,4488.28,4488.28,"4,083,200,000",S&P500
2022-04-07,4474.65,4521.16,4450.3,4500.21,4500.21,"4,821,490,000",S&P500
2022-04-06,4494.17,4503.94,4450.04,4481.15,4481.15,"4,986,830,000",S&P500
2022-04-05,4572.45,4593.45,4514.17,4525.12,4525.12,"4,800,620,000",S&P500
2022-04-04,4547.97,4583.5,4539.21,4582.64,4582.64,"4,547,350,000",S&P500
2022-04-01,4540.32,4548.7,4507.57,4545.86,4545.86,"4,562,940,000",S&P500
2022-03-31,4599.02,4603.07,4530.41,4530.41,4530.41,"4,823,020,000",S&P500
2022-03-30,4624.2,4627.77,4581.32,4602.45,4602.45,"4,385,570,000",S&P500
2022-03-29,4602.86,4637.3,4589.66,4631.6,4631.6,"5,085,910,000",S&P500
2022-03-28,4541.09,4575.65,4517.69,4575.52,4575.52,"4,312,260,000",S&P500
2022-03-25,4522.91,4546.03,4501.07,4543.06,4543.06,"4,305,020,000",S&P500
2022-03-24,4469.98,4520.58,4465.17,4520.16,4520.16,"4,131,390,000",S&P500
2022-03-23,4493.1,4501.07,4455.81,4456.24,4456.24,"4,550,670,000",S&P500
2022-03-22,4469.1,4522.0,4469.1,4511.61,4511.61,"4,754,840,000",S&P500
2022-03-21,4462.4,4481.75,4424.3,4461.18,4461.18,"4,869,820,000",S&P500
2022-03-18,4407.34,4465.4,4390.57,4463.12,4463.12,"8,278,430,000",S&P500
2022-03-17,4345.11,4412.67,4335.65,4411.67,4411.67,"4,985,090,000",S&P500
2022-03-16,4288.14,4358.9,4251.99,4357.86,4357.86,"6,309,750,000",S&P500
2022-03-15,4188.82,4271.05,4187.9,4262.45,4262.45,"5,392,470,000",S&P500
2022-03-14,4202.75,4247.57,4161.72,4173.11,4173.11,"5,574,920,000",S&P500
2022-03-11,4279.5,4291.01,4200.49,4204.31,4204.31,"4,938,640,000",S&P500
2022-03-10,4252.55,4268.28,4209.8,4259.52,4259.52,"4,980,830,000",S&P500
2022-03-09,4223.1,4299.4,4223.1,4277.88,4277.88,"5,662,670,000",S&P500
2022-03-08,4202.66,4276.94,4157.87,4170.7,4170.7,"7,243,120,000",S&P500
2022-03-07,4327.01,4327.01,4199.85,4201.09,4201.09,"6,940,470,000",S&P500
2022-03-04,4342.12,4342.12,4284.98,4328.87,4328.87,"5,797,380,000",S&P500
2022-03-03,4401.31,4416.78,4345.56,4363.49,4363.49,"5,039,890,000",S&P500
2022-03-02,4322.56,4401.48,4322.56,4386.54,4386.54,"5,337,870,000",S&P500
2022-03-01,4363.14,4378.45,4279.54,4306.26,4306.26,"5,846,230,000",S&P500
2022-02-28,4354.17,4388.84,4315.12,4373.94,4373.94,"6,071,370,000",S&P500
2022-02-25,4298.38,4385.34,4286.83,4384.65,4384.65,"5,177,060,000",S&P500
2022-02-24,4155.77,4294.73,4114.65,4288.7,4288.7,"6,752,130,000",S&P500
2022-02-23,4324.93,4341.51,4221.51,4225.5,4225.5,"4,797,430,000",S&P500
2022-02-22,4332.74,4362.12,4267.11,4304.76,4304.76,"5,121,900,000",S&P500
2022-02-18,4384.57,4394.6,4327.22,4348.87,4348.87,"4,708,060,000",S&P500
2022-02-17,4456.06,4456.06,4373.81,4380.26,4380.26,"4,539,420,000",S&P500
2022-02-16,4455.75,4489.55,4429.68,4475.01,4475.01,"4,283,640,000",S&P500
2022-02-15,4429.28,4472.77,4429.28,4471.07,4471.07,"4,430,830,000",S&P500
2022-02-14,4412.61,4426.22,4364.84,4401.67,4401.67,"4,600,390,000",S&P500
2022-02-11,4506.27,4526.33,4401.41,4418.64,4418.64,"5,251,500,000",S&P500
2022-02-10,4553.24,4588.92,4484.31,4504.08,4504.08,"5,314,860,000",S&P500
2022-02-09,4547.0,4590.03,4547.0,4587.18,4587.18,"4,524,350,000",S&P500
2022-02-08,4480.02,4531.32,4465.4,4521.54,4521.54,"4,459,620,000",S&P500
2022-02-07,4505.75,4521.86,4471.47,4483.87,4483.87,"4,228,480,000",S&P500
2022-02-04,4482.79,4539.66,4451.5,4500.53,4500.53,"4,706,290,000",S&P500
2022-02-03,4535.41,4542.88,4470.39,4477.44,4477.44,"4,401,970,000",S&P500
2022-02-02,4566.39,4595.31,4544.32,4589.38,4589.38,"4,481,580,000",S&P500
2022-02-01,4519.57,4550.49,4483.53,4546.54,4546.54,"4,816,830,000",S&P500
2022-01-31,4431.79,4516.89,4414.02,4515.55,4515.55,"5,098,610,000",S&P500
2022-01-28,4336.19,4432.72,4292.46,4431.85,4431.85,"5,031,090,000",S&P500
2022-01-27,4380.58,4428.74,4309.5,4326.51,4326.51,"5,214,200,000",S&P500
2022-01-26,4408.43,4453.23,4304.8,4349.93,4349.93,"5,570,640,000",S&P500
2022-01-25,4366.64,4411.01,4287.11,4356.45,4356.45,"5,145,050,000",S&P500
2022-01-24,4356.32,4417.35,4222.62,4410.13,4410.13,"6,928,110,000",S&P500
2022-01-21,4471.38,4494.52,4395.34,4397.94,4397.94,"5,589,100,000",S&P500
2022-01-20,4547.35,4602.11,4477.95,4482.73,4482.73,"4,640,870,000",S&P500
2022-01-19,4588.03,4611.55,4530.2,4532.76,4532.76,"4,465,740,000",S&P500
2022-01-18,4632.24,4632.24,4568.7,4577.11,4577.11,"4,748,700,000",S&P500
2022-01-14,4637.99,4665.13,4614.75,4662.85,4662.85,"4,338,490,000",S&P500
2022-01-13,4733.56,4744.13,4650.29,4659.03,4659.03,"4,251,730,000",S&P500
2022-01-12,4728.59,4748.83,4706.71,4726.35,4726.35,"4,048,220,000",S&P500
2022-01-11,4669.14,4714.13,4638.27,4713.07,4713.07,"4,101,590,000",S&P500
2022-01-10,4655.34,4673.02,4582.24,4670.29,4670.29,"4,511,810,000",S&P500
2022-01-07,4697.66,4707.95,4662.74,4677.03,4677.03,"4,181,510,000",S&P500
2022-01-06,4693.39,4725.01,4671.26,4696.05,4696.05,"4,295,280,000",S&P500
2022-01-05,4787.99,4797.7,4699.44,4700.58,4700.58,"4,887,960,000",S&P500
2022-01-04,4804.51,4818.62,4774.27,4793.54,4793.54,"4,683,170,000",S&P500
2022-01-03,4778.14,4796.64,4758.17,4796.56,4796.56,"3,831,020,000",S&P500
2021-12-31,4775.21,4786.83,4765.75,4766.18,4766.18,"2,677,820,000",S&P500
2021-12-30,4794.23,4808.93,4775.33,4778.73,4778.73,"3,124,950,000",S&P500
2021-12-29,4788.64,4804.06,4778.08,4793.06,4793.06,"2,963,310,000",S&P500
2021-12-28,4795.49,4807.02,4780.04,4786.35,4786.35,"2,707,920,000",S&P500
2021-12-27,4733.99,4791.49,4733.99,4791.19,4791.19,"2,770,290,000",S&P500
2021-12-23,4703.96,4740.74,4703.96,4725.79,4725.79,"2,913,040,000",S&P500
2021-12-22,4650.36,4697.67,4645.53,4696.56,4696.56,"3,319,610,000",S&P500
2021-12-21,4594.96,4651.14,4583.16,4649.23,4649.23,"4,072,430,000",S&P500
2021-12-20,4587.9,4587.9,4531.1,4568.02,4568.02,"4,635,700,000",S&P500
2021-12-17,4652.5,4666.7,4600.22,4620.64,4620.64,"7,987,090,000",S&P500
2021-12-16,4719.13,4731.99,4651.89,4668.67,4668.67,"4,829,500,000",S&P500
2021-12-15,4636.46,4712.6,4611.22,4709.85,4709.85,"4,910,130,000",S&P500
2021-12-14,4642.99,4660.47,4606.52,4634.09,4634.09,"4,485,430,000",S&P500
2021-12-13,4710.3,4710.3,4667.6,4668.97,4668.97,"4,397,230,000",S&P500
2021-12-10,4687.64,4713.57,4670.24,4712.02,4712.02,"3,870,110,000",S&P500
2021-12-09,4691.0,4695.26,4665.98,4667.45,4667.45,"3,903,840,000",S&P500
2021-12-08,4690.86,4705.06,4674.52,4701.21,4701.21,"4,234,600,000",S&P500
2021-12-07,4631.97,4694.04,4631.97,4686.75,4686.75,"4,492,400,000",S&P500
2021-12-06,4548.37,4612.6,4540.51,4591.67,4591.67,"4,770,800,000",S&P500
2021-12-03,4589.49,4608.03,4495.12,4538.43,4538.43,"5,240,070,000",S&P500
2021-12-02,4504.73,4595.46,4504.73,4577.1,4577.1,"5,077,180,000",S&P500
2021-12-01,4602.82,4652.94,4510.27,4513.04,4513.04,"5,366,730,000",S&P500
2021-11-30,4640.25,4646.02,4560.0,4567.0,4567.0,"6,625,990,000",S&P500
2021-11-29,4628.75,4672.95,4625.26,4655.27,4655.27,"4,336,410,000",S&P500
2021-11-26,4664.63,4664.63,4585.43,4594.62,4594.62,"3,517,700,000",S&P500
2021-11-24,4675.78,4702.87,4659.89,4701.46,4701.46,"3,418,430,000",S&P500
2021-11-23,4678.48,4699.39,4652.66,4690.7,4690.7,"4,277,590,000",S&P500
2021-11-22,4712.0,4743.83,4682.17,4682.94,4682.94,"4,441,100,000",S&P500
2021-11-19,4708.44,4717.75,4694.22,4697.96,4697.96,"4,253,180,000",S&P500
2021-11-18,4700.72,4708.8,4672.78,4704.54,4704.54,"4,226,410,000",S&P500
2021-11-17,4701.5,4701.5,4684.41,4688.67,4688.67,"3,969,070,000",S&P500
2021-11-16,4679.42,4714.95,4679.42,4700.9,4700.9,"3,972,640,000",S&P500
2021-11-15,4689.3,4697.42,4672.86,4682.8,4682.8,"3,488,410,000",S&P500
2021-11-12,4655.24,4688.47,4650.77,4682.85,4682.85,"3,728,600,000",S&P500
2021-11-11,4659.39,4664.55,4648.31,4649.27,4649.27,"3,926,870,000",S&P500
2021-11-10,4670.26,4684.85,4630.86,4646.71,4646.71,"4,503,720,000",S&P500
2021-11-09,4707.25,4708.53,4670.87,4685.25,4685.25,"4,117,080,000",S&P500
2021-11-08,4701.48,4714.92,4694.39,4701.7,4701.7,"4,269,710,000",S&P500
2021-11-05,4699.26,4718.5,4681.32,4697.53,4697.53,"4,467,180,000",S&P500
2021-11-04,4662.93,4683.0,4662.59,4680.06,4680.06,"4,462,300,000",S&P500
2021-11-03,4630.65,4663.46,4621.19,4660.57,4660.57,"4,319,660,000",S&P500
2021-11-02,4613.34,4635.15,4613.34,4630.65,4630.65,"3,975,250,000",S&P500
2021-11-01,4610.62,4620.34,4595.06,4613.67,4613.67,"3,971,540,000",S&P500
2021-10-29,4572.87,4608.08,4567.59,4605.38,4605.38,"4,510,200,000",S&P500
2021-10-28,4562.84,4597.55,4562.84,4596.42,4596.42,"4,132,950,000",S&P500
2021-10-27,4580.22,4584.57,4551.66,4551.68,4551.68,"4,226,050,000",S&P500
2021-10-26,4578.69,4598.53,4569.17,4574.79,4574.79,"3,879,740,000",S&P500
2021-10-25,4553.69,4572.62,4537.36,4566.48,4566.48,"3,899,400,000",S&P500
2021-10-22,4546.12,4559.67,4524.0,4544.9,4544.9,"3,758,220,000",S&P500
2021-10-21,4532.24,4551.44,4526.89,4549.78,4549.78,"3,822,330,000",S&P500
2021-10-20,4524.42,4540.87,4524.4,4536.19,4536.19,"3,670,760,000",S&P500
2021-10-19,4497.34,4520.4,4496.41,4519.63,4519.63,"3,459,130,000",S&P500
2021-10-18,4463.72,4488.75,4447.47,4486.46,4486.46,"3,662,010,000",S&P500
2021-10-15,4447.69,4475.82,4447.69,4471.37,4471.37,"3,819,380,000",S&P500
2021-10-14,4386.75,4439.73,4386.75,4438.26,4438.26,"3,598,280,000",S&P500
2021-10-13,4358.01,4372.87,4329.92,4363.8,4363.8,"3,620,070,000",S&P500
2021-10-12,4368.31,4374.89,4342.09,4350.65,4350.65,"3,558,450,000",S&P500
2021-10-11,4385.44,4415.88,4360.59,4361.19,4361.19,"3,281,970,000",S&P500
2021-10-08,4406.51,4412.02,4386.22,4391.34,4391.34,"3,280,160,000",S&P500
2021-10-07,4383.73,4429.97,4383.73,4399.76,4399.76,"3,843,740,000",S&P500
2021-10-06,4319.57,4365.57,4290.49,4363.55,4363.55,"4,009,630,000",S&P500
2021-10-05,4309.87,4369.23,4309.87,4345.72,4345.72,"3,902,890,000",S&P500
2021-10-04,4348.84,4355.51,4278.94,4300.46,4300.46,"4,307,870,000",S&P500
2021-10-01,4317.16,4375.19,4288.52,4357.04,4357.04,"4,010,370,000",S&P500
2021-09-30,4370.67,4382.55,4306.24,4307.54,4307.54,"4,448,140,000",S&P500
2021-09-29,4362.41,4385.57,4355.08,4359.46,4359.46,"3,712,660,000",S&P500
2021-09-28,4419.54,4419.54,4346.33,4352.63,4352.63,"4,416,550,000",S&P500
2021-09-27,4442.12,4457.3,4436.19,4443.11,4443.11,"4,058,650,000",S&P500
2021-09-24,4438.04,4463.12,4430.27,4455.48,4455.48,"3,384,290,000",S&P500
2021-09-23,4406.75,4465.4,4406.75,4448.98,4448.98,"3,916,350,000",S&P500
2021-09-22,4367.43,4416.75,4367.43,4395.64,4395.64,"3,939,170,000",S&P500
2021-09-21,4374.45,4394.87,4347.96,4354.19,4354.19,"3,920,920,000",S&P500
2021-09-20,4402.95,4402.95,4305.91,4357.73,4357.73,"4,898,070,000",S&P500
2021-09-17,4469.74,4471.52,4427.76,4432.99,4432.99,"7,289,530,000",S&P500
2021-09-16,4477.09,4485.87,4443.8,4473.75,4473.75,"3,984,560,000",S&P500
2021-09-15,4447.49,4486.87,4438.37,4480.7,4480.7,"4,032,020,000",S&P500
2021-09-14,4479.33,4485.68,4435.46,4443.05,4443.05,"3,670,460,000",S&P500
2021-09-13,4474.81,4492.99,4445.7,4468.73,4468.73,"3,914,220,000",S&P500
2021-09-10,4506.92,4520.47,4457.66,4458.58,4458.58,"3,623,180,000",S&P500
2021-09-09,4513.02,4529.9,4492.07,4493.28,4493.28,"3,735,390,000",S&P500
2021-09-08,4518.09,4521.79,4493.95,4514.07,4514.07,"3,750,880,000",S&P500
2021-09-07,4535.38,4535.38,4513.0,4520.03,4520.03,"3,822,960,000",S&P500
2021-09-03,4532.42,4541.45,4521.3,4535.43,4535.43,"3,217,530,000",S&P500
2021-09-02,4534.48,4545.85,4524.66,4536.95,4536.95,"3,735,990,000",S&P500
2021-09-01,4528.8,4537.11,4522.02,4524.09,4524.09,"4,057,340,000",S&P500
2021-08-31,4529.75,4531.39,4515.8,4522.68,4522.68,"4,290,710,000",S&P500
2021-08-30,4513.76,4537.36,4513.76,4528.79,4528.79,"3,168,660,000",S&P500
2021-08-27,4474.1,4513.33,4474.1,4509.37,4509.37,"3,331,200,000",S&P500
2021-08-26,4493.75,4495.9,4468.99,4470.0,4470.0,"3,263,980,000",S&P500
2021-08-25,4490.45,4501.71,4485.66,4496.19,4496.19,"3,444,700,000",S&P500
2021-08-24,4484.4,4492.81,4482.28,4486.23,4486.23,"3,979,220,000",S&P500
2021-08-23,4450.29,4489.88,4450.29,4479.53,4479.53,"3,576,530,000",S&P500
2021-08-20,4410.56,4444.35,4406.8,4441.67,4441.67,"3,652,610,000",S&P500
2021-08-19,4382.44,4418.61,4367.73,4405.8,4405.8,"4,398,410,000",S&P500
2021-08-18,4440.94,4454.32,4397.59,4400.27,4400.27,"3,755,590,000",S&P500
2021-08-17,4462.12,4462.12,4417.83,4448.08,4448.08,"3,836,960,000",S&P500
2021-08-16,4461.65,4480.26,4437.66,4479.71,4479.71,"3,370,640,000",S&P500
2021-08-13,4464.84,4468.37,4460.82,4468.0,4468.0,"3,016,470,000",S&P500
2021-08-12,4446.08,4461.77,4435.96,4460.83,4460.83,"3,375,310,000",S&P500
2021-08-11,4442.18,4449.44,4436.42,4442.41,4442.41,"3,532,560,000",S&P500
2021-08-10,4435.79,4445.21,4430.03,4436.75,4436.75,"3,886,610,000",S&P500
2021-08-09,4437.77,4439.39,4424.74,4432.35,4432.35,"3,449,280,000",S&P500
2021-08-06,4429.07,4440.82,4429.07,4436.52,4436.52,"3,451,870,000",S&P500
2021-08-05,4408.86,4429.76,4408.86,4429.1,4429.1,"3,769,410,000",S&P500
2021-08-04,4415.95,4416.17,4400.23,4402.66,4402.66,"4,260,760,000",S&P500
2021-08-03,4392.74,4423.79,4373.0,4423.15,4423.15,"3,965,190,000",S&P500
2021-08-02,4406.86,4422.18,4384.81,4387.16,4387.16,"3,724,090,000",S&P500
2021-07-30,4395.12,4412.25,4389.65,4395.26,4395.26,"3,956,740,000",S&P500
2021-07-29,4403.59,4429.97,4403.59,4419.15,4419.15,"4,044,600,000",S&P500
2021-07-28,4402.95,4415.47,4387.01,4400.64,4400.64,"4,215,290,000",S&P500
2021-07-27,4416.38,4416.38,4372.51,4401.46,4401.46,"4,241,950,000",S&P500
2021-07-26,4409.58,4422.73,4405.45,4422.3,4422.3,"4,275,630,000",S&P500
2021-07-23,4381.2,4415.18,4381.2,4411.79,4411.79,"4,540,070,000",S&P500
2021-07-22,4361.27,4369.87,4350.06,4367.48,4367.48,"3,358,300,000",S&P500
2021-07-21,4331.13,4359.7,4331.13,4358.69,4358.69,"3,810,280,000",S&P500
2021-07-20,4265.11,4336.84,4262.05,4323.06,4323.06,"4,438,270,000",S&P500
2021-07-19,4296.4,4296.4,4233.13,4258.49,4258.49,"5,157,660,000",S&P500
2021-07-16,4367.43,4375.09,4322.53,4327.16,4327.16,"3,985,700,000",S&P500
2021-07-15,4369.02,4369.02,4340.7,4360.03,4360.03,"3,905,230,000",S&P500
2021-07-14,4380.11,4393.68,4362.36,4374.3,4374.3,"4,006,370,000",S&P500
2021-07-13,4381.07,4392.37,4366.92,4369.21,4369.21,"3,695,430,000",S&P500
2021-07-12,4372.41,4386.68,4364.03,4384.63,4384.63,"3,384,460,000",S&P500
2021-07-09,4329.38,4371.6,4329.38,4369.55,4369.55,"3,531,120,000",S&P500
2021-07-08,4321.07,4330.88,4289.37,4320.82,4320.82,"4,347,500,000",S&P500
2021-07-07,4351.01,4361.88,4329.79,4358.13,4358.13,"4,037,380,000",S&P500
2021-07-06,4356.46,4356.46,4314.37,4343.54,4343.54,"4,309,570,000",S&P500
2021-07-02,4326.6,4355.43,4326.6,4352.34,4352.34,"3,225,840,000",S&P500
2021-07-01,4300.73,4320.66,4300.73,4319.94,4319.94,"3,788,230,000",S&P500
2021-06-30,4290.65,4302.43,4287.96,4297.5,4297.5,"4,266,040,000",S&P500
2021-06-29,4293.21,4300.52,4287.04,4291.8,4291.8,"3,707,150,000",S&P500
2021-06-28,4284.9,4292.14,4274.67,4290.61,4290.61,"4,147,890,000",S&P500
2021-06-25,4274.45,4286.12,4271.16,4280.7,4280.7,"7,341,450,000",S&P500
2021-06-24,4256.97,4271.28,4256.97,4266.49,4266.49,"3,816,660,000",S&P500
2021-06-23,4249.27,4256.6,4241.43,4241.84,4241.84,"3,730,350,000",S&P500
2021-06-22,4224.61,4255.84,4217.27,4246.44,4246.44,"3,828,390,000",S&P500
2021-06-21,4173.4,4226.24,4173.4,4224.79,4224.79,"4,128,950,000",S&P500
2021-06-18,4204.78,4204.78,4164.4,4166.45,4166.45,"6,817,010,000",S&P500
2021-06-17,4220.37,4232.29,4196.05,4221.86,4221.86,"5,312,680,000",S&P500
2021-06-16,4248.87,4251.89,4202.45,4223.7,4223.7,"4,538,350,000",S&P500
2021-06-15,4255.28,4257.16,4238.35,4246.59,4246.59,"4,048,940,000",S&P500
2021-06-14,4248.31,4255.59,4234.07,4255.15,4255.15,"4,151,200,000",S&P500
2021-06-11,4242.9,4248.38,4232.25,4247.44,4247.44,"3,815,010,000",S&P500
2021-06-10,4228.56,4249.74,4220.34,4239.18,4239.18,"4,408,210,000",S&P500
2021-06-09,4232.99,4237.09,4218.74,4219.55,4219.55,"4,713,260,000",S&P500
2021-06-08,4233.81,4236.74,4208.41,4227.26,4227.26,"4,659,620,000",S&P500
2021-06-07,4229.34,4232.34,4215.66,4226.52,4226.52,"4,476,920,000",S&P500
2021-06-04,4206.05,4233.45,4206.05,4229.89,4229.89,"4,139,790,000",S&P500
2021-06-03,4191.43,4204.39,4167.93,4192.85,4192.85,"5,587,970,000",S&P500
2021-06-02,4206.82,4217.37,4198.27,4208.12,4208.12,"5,833,670,000",S&P500
2021-06-01,4216.52,4234.12,4197.59,4202.04,4202.04,"5,074,670,000",S&P500
2021-05-28,4210.77,4218.36,4203.57,4204.11,4204.11,"4,649,250,000",S&P500
2021-05-27,4201.94,4213.38,4197.78,4200.88,4200.88,"6,406,310,000",S&P500
2021-05-26,4191.59,4202.61,4184.11,4195.99,4195.99,"4,420,890,000",S&P500
2021-05-25,4205.94,4213.42,4182.52,4188.13,4188.13,"4,182,250,000",S&P500
2021-05-24,4170.16,4209.52,4170.16,4197.05,4197.05,"3,684,800,000",S&P500
2021-05-21,4168.61,4188.72,4151.72,4155.86,4155.86,"3,995,250,000",S&P500
2021-05-20,4121.97,4172.8,4121.97,4159.12,4159.12,"3,978,880,000",S&P500
2021-05-19,4098.45,4116.93,4061.41,4115.68,4115.68,"4,247,450,000",S&P500
2021-05-18,4165.94,4169.15,4125.99,4127.83,4127.83,"4,398,150,000",S&P500
2021-05-17,4169.92,4171.92,4142.69,4163.29,4163.29,"4,125,050,000",S&P500
2021-05-14,4129.58,4183.13,4129.58,4173.85,4173.85,"4,008,880,000",S&P500
2021-05-13,4074.99,4131.58,4074.99,4112.5,4112.5,"4,779,540,000",S&P500
2021-05-12,4130.55,4134.73,4056.88,4063.04,4063.04,"4,733,070,000",S&P500
2021-05-11,4150.34,4162.04,4111.53,4152.1,4152.1,"4,870,710,000",S&P500
2021-05-10,4228.29,4236.39,4188.13,4188.43,4188.43,"4,560,700,000",S&P500
2021-05-07,4210.34,4238.04,4201.64,4232.6,4232.6,"4,016,080,000",S&P500
2021-05-06,4169.14,4202.7,4147.33,4201.62,4201.62,"4,511,000,000",S&P500
2021-05-05,4177.06,4187.72,4160.94,4167.59,4167.59,"4,230,920,000",S&P500
2021-05-04,4179.04,4179.04,4128.59,4164.66,4164.66,"4,452,460,000",S&P500
2021-05-03,4191.98,4209.39,4188.03,4192.66,4192.66,"4,070,220,000",S&P500
2021-04-30,4198.1,4198.1,4174.85,4181.17,4181.17,"4,300,880,000",S&P500
2021-04-29,4206.14,4218.78,4176.81,4211.47,4211.47,"4,298,680,000",S&P500
2021-04-28,4185.14,4201.53,4181.78,4183.18,4183.18,"3,787,360,000",S&P500
2021-04-27,4188.25,4193.35,4176.22,4186.72,4186.72,"3,710,700,000",S&P500
2021-04-26,4185.03,4194.19,4182.36,4187.62,4187.62,"3,748,320,000",S&P500
2021-04-23,4138.78,4194.17,4138.78,4180.17,4180.17,"3,569,880,000",S&P500
2021-04-22,4170.46,4179.57,4123.69,4134.98,4134.98,"4,245,140,000",S&P500
2021-04-21,4128.42,4175.02,4126.35,4173.42,4173.42,"3,887,250,000",S&P500
2021-04-20,4159.18,4159.18,4118.38,4134.94,4134.94,"4,342,650,000",S&P500
2021-04-19,4179.8,4180.81,4150.47,4163.26,4163.26,"3,810,290,000",S&P500
2021-04-16,4174.14,4191.31,4170.75,4185.47,4185.47,"4,163,820,000",S&P500
2021-04-15,4139.76,4173.49,4139.76,4170.42,4170.42,"4,033,420,000",S&P500
2021-04-14,4141.58,4151.69,4120.87,4124.66,4124.66,"3,985,350,000",S&P500
2021-04-13,4130.1,4148.0,4124.43,4141.59,4141.59,"3,734,720,000",S&P500
2021-04-12,4124.71,4131.76,4114.82,4127.99,4127.99,"3,588,900,000",S&P500
2021-04-09,4096.11,4129.48,4095.51,4128.8,4128.8,"3,640,390,000",S&P500
2021-04-08,4089.95,4098.19,4082.54,4097.17,4097.17,"3,907,100,000",S&P500
2021-04-07,4074.29,4083.13,4068.31,4079.95,4079.95,"4,120,810,000",S&P500
2021-04-06,4075.57,4086.23,4068.14,4073.94,4073.94,"4,081,270,000",S&P500
2021-04-05,4034.44,4083.42,4034.44,4077.91,4077.91,"4,005,030,000",S&P500
2021-04-01,3992.78,4020.63,3992.78,4019.87,4019.87,"4,162,130,000",S&P500
2021-03-31,3967.25,3994.41,3966.98,3972.89,3972.89,"4,578,050,000",S&P500
2021-03-30,3963.34,3968.01,3944.35,3958.55,3958.55,"4,121,510,000",S&P500
2021-03-29,3969.31,3981.83,3943.25,3971.09,3971.09,"4,628,180,000",S&P500
2021-03-26,3917.12,3978.19,3917.12,3974.54,3974.54,"5,483,160,000",S&P500
2021-03-25,3879.34,3919.54,3853.5,3909.52,3909.52,"4,948,340,000",S&P500
2021-03-24,3919.93,3942.08,3889.07,3889.14,3889.14,"4,783,020,000",S&P500
2021-03-23,3937.6,3949.13,3901.57,3910.52,3910.52,"4,669,010,000",S&P500
2021-03-22,3916.48,3955.31,3914.16,3940.59,3940.59,"4,316,260,000",S&P500
2021-03-19,3913.14,3930.12,3886.75,3913.1,3913.1,"7,757,420,000",S&P500
2021-03-18,3953.5,3969.62,3910.86,3915.46,3915.46,"5,118,590,000",S&P500
2021-03-17,3949.57,3983.87,3935.74,3974.12,3974.12,"4,561,660,000",S&P500
2021-03-16,3973.59,3981.04,3953.44,3962.71,3962.71,"4,613,080,000",S&P500
2021-03-15,3942.96,3970.08,3923.54,3968.94,3968.94,"4,900,100,000",S&P500
2021-03-12,3924.52,3944.99,3915.21,3943.34,3943.34,"4,476,280,000",S&P500
2021-03-11,3915.54,3960.27,3915.54,3939.34,3939.34,"5,312,880,000",S&P500
2021-03-10,3891.99,3917.35,3885.73,3898.81,3898.81,"5,847,380,000",S&P500
2021-03-09,3851.93,3903.76,3851.93,3875.44,3875.44,"5,513,560,000",S&P500
2021-03-08,3844.39,3881.06,3819.25,3821.35,3821.35,"5,871,710,000",S&P500
2021-03-05,3793.58,3851.69,3730.19,3841.94,3841.94,"6,851,070,000",S&P500
2021-03-04,3818.53,3843.67,3723.34,3768.47,3768.47,"7,195,400,000",S&P500
2021-03-03,3863.99,3874.47,3818.86,3819.72,3819.72,"6,173,660,000",S&P500
2021-03-02,3903.64,3906.41,3868.57,3870.29,3870.29,"5,536,010,000",S&P500
2021-03-01,3842.51,3914.5,3842.51,3901.82,3901.82,"5,114,820,000",S&P500
2021-02-26,3839.66,3861.08,3789.54,3811.15,3811.15,"6,526,070,000",S&P500
2021-02-25,3915.8,3925.02,3814.04,3829.34,3829.34,"6,547,470,000",S&P500
2021-02-24,3873.71,3928.65,3859.6,3925.43,3925.43,"6,012,790,000",S&P500
2021-02-23,3857.07,3895.98,3805.59,3881.37,3881.37,"6,296,610,000",S&P500
2021-02-22,3885.55,3902.92,3874.71,3876.5,3876.5,"5,917,100,000",S&P500
2021-02-19,3921.16,3930.41,3903.07,3906.71,3906.71,"4,845,320,000",S&P500
2021-02-18,3915.86,3921.98,3885.03,3913.97,3913.97,"4,793,650,000",S&P500
2021-02-17,3918.5,3933.61,3900.43,3931.33,3931.33,"4,730,650,000",S&P500
2021-02-16,3939.61,3950.43,3923.85,3932.59,3932.59,"5,058,990,000",S&P500
2021-02-12,3911.65,3937.23,3905.78,3934.83,3934.83,"4,135,060,000",S&P500
2021-02-11,3916.4,3925.99,3890.39,3916.38,3916.38,"4,590,960,000",S&P500
2021-02-10,3920.78,3931.5,3884.94,3909.88,3909.88,"4,837,070,000",S&P500
2021-02-09,3910.49,3918.35,3902.64,3911.23,3911.23,"4,568,320,000",S&P500
2021-02-08,3892.59,3915.77,3892.59,3915.59,3915.59,"4,648,360,000",S&P500
2021-02-05,3878.3,3894.56,3874.93,3886.83,3886.83,"4,879,470,000",S&P500
2021-02-04,3836.66,3872.42,3836.66,3871.74,3871.74,"4,879,240,000",S&P500
2021-02-03,3840.27,3847.51,3816.68,3830.17,3830.17,"4,864,870,000",S&P500
2021-02-02,3791.84,3843.09,3791.84,3826.31,3826.31,"5,514,090,000",S&P500
2021-02-01,3731.17,3784.32,3725.62,3773.86,3773.86,"5,436,230,000",S&P500
2021-01-29,3778.05,3778.05,3694.12,3714.24,3714.24,"6,643,370,000",S&P500
2021-01-28,3755.75,3830.5,3755.75,3787.38,3787.38,"6,992,770,000",S&P500
2021-01-27,3836.83,3836.83,3732.48,3750.77,3750.77,"9,976,520,000",S&P500
2021-01-26,3862.96,3870.9,3847.78,3849.62,3849.62,"6,137,500,000",S&P500
2021-01-25,3851.68,3859.23,3797.16,3855.36,3855.36,"7,000,840,000",S&P500
2021-01-22,3844.24,3852.31,3830.41,3841.47,3841.47,"5,110,890,000",S&P500
2021-01-21,3857.46,3861.45,3845.05,3853.07,3853.07,"4,501,760,000",S&P500
2021-01-20,3816.22,3859.75,3816.22,3851.85,3851.85,"4,566,190,000",S&P500
2021-01-19,3781.88,3804.53,3780.37,3798.91,3798.91,"5,014,440,000",S&P500
2021-01-15,3788.73,3788.73,3749.62,3768.25,3768.25,"5,369,820,000",S&P500
2021-01-14,3814.98,3823.6,3792.86,3795.54,3795.54,"5,198,480,000",S&P500
2021-01-13,3802.23,3820.96,3791.5,3809.84,3809.84,"4,602,510,000",S&P500
2021-01-12,3801.62,3810.78,3776.51,3801.19,3801.19,"4,994,950,000",S&P500
2021-01-11,3803.14,3817.86,3789.02,3799.61,3799.61,"4,465,430,000",S&P500
2021-01-08,3815.05,3826.69,3783.6,3824.68,3824.68,"4,773,040,000",S&P500
2021-01-07,3764.71,3811.55,3764.71,3803.79,3803.79,"5,099,160,000",S&P500
2021-01-06,3712.2,3783.04,3705.34,3748.14,3748.14,"6,064,110,000",S&P500
2021-01-05,3698.02,3737.83,3695.07,3726.86,3726.86,"4,591,020,000",S&P500
2021-01-04,3764.61,3769.99,3662.71,3700.65,3700.65,"5,015,000,000",S&P500
2020-12-31,3733.27,3760.2,3726.88,3756.07,3756.07,"3,179,040,000",S&P500
2020-12-30,3736.19,3744.63,3730.21,3732.04,3732.04,"3,154,850,000",S&P500
2020-12-29,3750.01,3756.12,3723.31,3727.04,3727.04,"3,393,290,000",S&P500
2020-12-28,3723.03,3740.51,3723.03,3735.36,3735.36,"3,535,460,000",S&P500
2020-12-24,3694.03,3703.82,3689.32,3703.06,3703.06,"1,883,780,000",S&P500
2020-12-23,3693.42,3711.24,3689.28,3690.01,3690.01,"3,779,160,000",S&P500
2020-12-22,3698.08,3698.26,3676.16,3687.26,3687.26,"4,053,310,000",S&P500
2020-12-21,3684.28,3702.9,3636.48,3694.92,3694.92,"4,748,580,000",S&P500
2020-12-18,3722.39,3726.7,3685.84,3709.41,3709.41,"7,097,100,000",S&P500
2020-12-17,3713.65,3725.12,3710.87,3722.48,3722.48,"4,192,810,000",S&P500
2020-12-16,3696.25,3711.27,3688.57,3701.17,3701.17,"4,067,040,000",S&P500
2020-12-15,3666.41,3695.29,3659.62,3694.62,3694.62,"4,387,080,000",S&P500
2020-12-14,3675.27,3697.61,3645.84,3647.49,3647.49,"4,623,850,000",S&P500
2020-12-11,3656.08,3665.91,3633.4,3663.46,3663.46,"4,375,470,000",S&P500
2020-12-10,3659.13,3678.49,3645.18,3668.1,3668.1,"4,658,480,000",S&P500
2020-12-09,3705.98,3712.39,3660.54,3672.82,3672.82,"5,232,800,000",S&P500
2020-12-08,3683.05,3708.45,3678.83,3702.25,3702.25,"4,584,390,000",S&P500
2020-12-07,3694.73,3697.41,3678.88,3691.96,3691.96,"4,804,500,000",S&P500
2020-12-04,3670.94,3699.2,3670.94,3699.12,3699.12,"5,099,620,000",S&P500
2020-12-03,3668.28,3682.73,3657.17,3666.72,3666.72,"5,065,340,000",S&P500
2020-12-02,3653.78,3670.96,3644.84,3669.01,3669.01,"5,041,250,000",S&P500
2020-12-01,3645.87,3678.45,3645.87,3662.45,3662.45,"5,418,480,000",S&P500
2020-11-30,3634.18,3634.18,3594.39,3621.63,3621.63,"6,308,410,000",S&P500
2020-11-27,3638.55,3644.31,3629.33,3638.35,3638.35,"2,778,390,000",S&P500
2020-11-25,3635.5,3635.5,3617.76,3629.65,3629.65,"4,910,440,000",S&P500
2020-11-24,3594.52,3642.31,3594.52,3635.41,3635.41,"6,280,290,000",S&P500
2020-11-23,3566.82,3589.81,3552.77,3577.59,3577.59,"5,057,550,000",S&P500
2020-11-20,3579.31,3581.23,3556.85,3557.54,3557.54,"4,236,370,000",S&P500
2020-11-19,3559.41,3585.22,3543.84,3581.87,3581.87,"4,363,370,000",S&P500
2020-11-18,3612.09,3619.09,3567.33,3567.79,3567.79,"5,284,810,000",S&P500
2020-11-17,3610.31,3623.11,3588.68,3609.53,3609.53,"4,812,180,000",S&P500
2020-11-16,3600.16,3628.51,3600.16,3626.91,3626.91,"5,295,510,000",S&P500
2020-11-13,3552.57,3593.66,3552.57,3585.15,3585.15,"4,719,580,000",S&P500
2020-11-12,3562.67,3569.02,3518.58,3537.01,3537.01,"4,909,660,000",S&P500
2020-11-11,3563.22,3581.16,3557.0,3572.66,3572.66,"4,635,560,000",S&P500
2020-11-10,3543.26,3557.22,3511.91,3545.53,3545.53,"6,037,470,000",S&P500
2020-11-09,3583.04,3645.99,3547.48,3550.5,3550.5,"8,570,510,000",S&P500
2020-11-06,3508.34,3521.58,3484.34,3509.44,3509.44,"4,842,460,000",S&P500
2020-11-05,3485.74,3529.05,3485.74,3510.45,3510.45,"4,858,150,000",S&P500
2020-11-04,3406.46,3486.25,3405.17,3443.44,3443.44,"4,790,400,000",S&P500
2020-11-03,3336.25,3389.49,3336.25,3369.16,3369.16,"4,241,380,000",S&P500
2020-11-02,3296.2,3330.14,3279.74,3310.24,3310.24,"4,314,690,000",S&P500
2020-10-30,3293.59,3304.93,3233.94,3269.96,3269.96,"4,843,930,000",S&P500
2020-10-29,3277.17,3341.05,3259.82,3310.11,3310.11,"4,911,860,000",S&P500
2020-10-28,3342.48,3342.48,3268.89,3271.03,3271.03,"5,139,970,000",S&P500
2020-10-27,3403.15,3409.51,3388.71,3390.68,3390.68,"3,962,400,000",S&P500
2020-10-26,3441.42,3441.42,3364.86,3400.97,3400.97,"4,002,210,000",S&P500
2020-10-23,3464.9,3466.46,3440.45,3465.39,3465.39,"3,651,600,000",S&P500
2020-10-22,3438.5,3460.53,3415.34,3453.49,3453.49,"4,172,060,000",S&P500
2020-10-21,3439.91,3464.86,3433.06,3435.56,3435.56,"4,103,960,000",S&P500
2020-10-20,3439.38,3476.93,3435.65,3443.12,3443.12,"3,917,850,000",S&P500
2020-10-19,3493.66,3502.42,3419.93,3426.92,3426.92,"4,091,080,000",S&P500
2020-10-16,3493.5,3515.76,3480.45,3483.81,3483.81,"4,688,030,000",S&P500
2020-10-15,3453.72,3489.08,3440.89,3483.34,3483.34,"3,724,550,000",S&P500
2020-10-14,3515.47,3527.94,3480.55,3488.67,3488.67,"3,858,510,000",S&P500
2020-10-13,3534.01,3534.01,3500.86,3511.93,3511.93,"3,611,100,000",S&P500
2020-10-12,3500.02,3549.85,3499.61,3534.22,3534.22,"3,435,760,000",S&P500
2020-10-09,3459.67,3482.34,3458.07,3477.14,3477.14,"3,944,090,000",S&P500
2020-10-08,3434.28,3447.28,3428.15,3446.83,3446.83,"3,867,640,000",S&P500
2020-10-07,3384.56,3426.26,3384.56,3419.44,3419.44,"3,814,750,000",S&P500
2020-10-06,3408.74,3431.56,3354.54,3360.97,3360.97,"4,453,390,000",S&P500
2020-10-05,3367.27,3409.57,3367.27,3408.6,3408.6,"3,692,720,000",S&P500
2020-10-02,3338.94,3369.1,3323.69,3348.42,3348.42,"3,975,180,000",S&P500
2020-10-01,3385.87,3397.18,3361.39,3380.8,3380.8,"4,076,340,000",S&P500
2020-09-30,3341.21,3393.56,3340.47,3363.0,3363.0,"4,738,640,000",S&P500
2020-09-29,3350.92,3357.92,3327.54,3335.47,3335.47,"3,661,590,000",S&P500
2020-09-28,3333.9,3360.74,3332.91,3351.6,3351.6,"3,950,910,000",S&P500
2020-09-25,3236.66,3306.88,3228.44,3298.46,3298.46,"3,803,330,000",S&P500
2020-09-24,3226.14,3278.7,3209.45,3246.59,3246.59,"4,601,920,000",S&P500
2020-09-23,3320.11,3323.35,3232.57,3236.92,3236.92,"4,378,650,000",S&P500
2020-09-22,3295.75,3320.31,3270.95,3315.57,3315.57,"3,974,510,000",S&P500
2020-09-21,3285.57,3285.57,3229.1,3281.06,3281.06,"4,836,070,000",S&P500
2020-09-18,3357.38,3362.27,3292.4,3319.47,3319.47,"7,076,400,000",S&P500
2020-09-17,3346.86,3375.17,3328.82,3357.01,3357.01,"4,379,840,000",S&P500
2020-09-16,3411.23,3428.92,3384.45,3385.49,3385.49,"4,718,900,000",S&P500
2020-09-15,3407.73,3419.48,3389.25,3401.2,3401.2,"4,057,190,000",S&P500
2020-09-14,3363.56,3402.93,3363.56,3383.54,3383.54,"3,839,580,000",S&P500
2020-09-11,3352.7,3368.95,3310.47,3340.97,3340.97,"3,710,090,000",S&P500
2020-09-10,3412.56,3425.55,3329.25,3339.19,3339.19,"4,208,630,000",S&P500
2020-09-09,3369.82,3424.77,3366.84,3398.96,3398.96,"3,932,520,000",S&P500
2020-09-08,3371.88,3379.97,3329.27,3331.84,3331.84,"4,694,330,000",S&P500
2020-09-04,3453.6,3479.15,3349.63,3426.96,3426.96,"4,438,720,000",S&P500
2020-09-03,3564.74,3564.85,3427.41,3455.06,3455.06,"4,911,830,000",S&P500
2020-09-02,3543.76,3588.11,3535.23,3580.84,3580.84,"4,295,640,000",S&P500
2020-09-01,3507.44,3528.03,3494.6,3526.65,3526.65,"4,101,490,000",S&P500
2020-08-31,3509.73,3514.77,3493.25,3500.31,3500.31,"4,348,280,000",S&P500
2020-08-28,3494.69,3509.23,3484.32,3508.01,3508.01,"3,868,510,000",S&P500
2020-08-27,3485.14,3501.38,3468.35,3484.55,3484.55,"3,955,890,000",S&P500
2020-08-26,3449.97,3481.07,3444.15,3478.73,3478.73,"3,780,530,000",S&P500
2020-08-25,3435.95,3444.21,3425.84,3443.62,3443.62,"3,627,650,000",S&P500
2020-08-24,3418.09,3432.09,3413.13,3431.28,3431.28,"3,743,410,000",S&P500
2020-08-21,3386.01,3399.96,3379.31,3397.16,3397.16,"3,505,010,000",S&P500
2020-08-20,3360.48,3390.8,3354.69,3385.51,3385.51,"3,431,040,000",S&P500
2020-08-19,3392.51,3399.54,3369.66,3374.85,3374.85,"3,679,480,000",S&P500
2020-08-18,3387.04,3395.06,3370.15,3389.78,3389.78,"3,669,550,000",S&P500
2020-08-17,3380.86,3387.59,3379.22,3381.99,3381.99,"3,460,330,000",S&P500
2020-08-14,3368.66,3378.51,3361.64,3372.85,3372.85,"3,200,060,000",S&P500
2020-08-13,3372.95,3387.24,3363.35,3373.43,3373.43,"3,438,730,000",S&P500
2020-08-12,3355.46,3387.89,3355.46,3380.35,3380.35,"3,772,250,000",S&P500
2020-08-11,3370.34,3381.01,3326.44,3333.69,3333.69,"4,880,540,000",S&P500
2020-08-10,3356.04,3363.29,3335.44,3360.47,3360.47,"4,327,920,000",S&P500
2020-08-07,3340.05,3352.54,3328.72,3351.28,3351.28,"4,110,030,000",S&P500
2020-08-06,3323.17,3351.03,3318.14,3349.16,3349.16,"4,278,930,000",S&P500
2020-08-05,3317.37,3330.77,3317.37,3327.77,3327.77,"4,535,060,000",S&P500
2020-08-04,3289.92,3306.84,3286.37,3306.51,3306.51,"4,414,380,000",S&P500
2020-08-03,3288.26,3302.73,3284.53,3294.61,3294.61,"4,438,940,000",S&P500
2020-07-31,3270.45,3272.17,3220.26,3271.12,3271.12,"5,007,530,000",S&P500
2020-07-30,3231.76,3250.92,3204.13,3246.22,3246.22,"4,264,920,000",S&P500
2020-07-29,3227.22,3264.74,3227.22,3258.44,3258.44,"4,478,200,000",S&P500
2020-07-28,3234.27,3243.72,3216.17,3218.44,3218.44,"4,053,180,000",S&P500
2020-07-27,3219.84,3241.43,3214.25,3239.41,3239.41,"3,970,310,000",S&P500
2020-07-24,3218.58,3227.26,3200.05,3215.63,3215.63,"3,689,410,000",S&P500
2020-07-23,3271.64,3279.99,3222.66,3235.66,3235.66,"4,296,760,000",S&P500
2020-07-22,3254.86,3279.32,3253.1,3276.02,3276.02,"4,267,160,000",S&P500
2020-07-21,3268.52,3277.29,3247.77,3257.3,3257.3,"4,556,610,000",S&P500
2020-07-20,3224.29,3258.61,3215.16,3251.84,3251.84,"3,979,340,000",S&P500
2020-07-17,3224.21,3233.52,3205.65,3224.73,3224.73,"4,012,850,000",S&P500
2020-07-16,3208.36,3220.39,3198.59,3215.57,3215.57,"3,972,860,000",S&P500
2020-07-15,3225.98,3238.28,3200.76,3226.56,3226.56,"4,686,830,000",S&P500
2020-07-14,3141.11,3200.95,3127.66,3197.52,3197.52,"4,507,140,000",S&P500
2020-07-13,3205.08,3235.32,3149.43,3155.22,3155.22,"4,902,440,000",S&P500
2020-07-10,3152.47,3186.82,3136.22,3185.04,3185.04,"4,524,190,000",S&P500
2020-07-09,3176.17,3179.78,3115.7,3152.05,3152.05,"4,843,650,000",S&P500
2020-07-08,3153.07,3171.8,3136.53,3169.94,3169.94,"4,937,310,000",S&P500
2020-07-07,3166.44,3184.15,3142.93,3145.32,3145.32,"4,571,330,000",S&P500
2020-07-06,3155.29,3182.59,3155.29,3179.72,3179.72,"4,759,160,000",S&P500
2020-07-02,3143.64,3165.81,3124.52,3130.01,3130.01,"4,197,720,000",S&P500
2020-07-01,3105.92,3128.44,3101.17,3115.86,3115.86,"4,449,230,000",S&P500
2020-06-30,3050.2,3111.51,3047.83,3100.29,3100.29,"4,705,850,000",S&P500
2020-06-29,3018.59,3053.89,2999.74,3053.24,3053.24,"4,473,970,000",S&P500
2020-06-26,3073.2,3073.73,3004.63,3009.05,3009.05,"8,107,850,000",S&P500
2020-06-25,3046.6,3086.25,3024.01,3083.76,3083.76,"4,847,690,000",S&P500
2020-06-24,3114.4,3115.01,3032.13,3050.33,3050.33,"5,597,680,000",S&P500
2020-06-23,3138.7,3154.9,3127.12,3131.29,3131.29,"4,711,850,000",S&P500
2020-06-22,3094.42,3120.92,3079.39,3117.86,3117.86,"4,686,690,000",S&P500
2020-06-19,3140.29,3155.53,3083.11,3097.74,3097.74,"8,346,650,000",S&P500
2020-06-18,3101.64,3120.0,3093.51,3115.34,3115.34,"4,448,690,000",S&P500
2020-06-17,3136.13,3141.16,3108.03,3113.49,3113.49,"4,560,450,000",S&P500
2020-06-16,3131.0,3153.45,3076.06,3124.74,3124.74,"5,845,810,000",S&P500
2020-06-15,2993.76,3079.76,2965.66,3066.59,3066.59,"5,757,480,000",S&P500
2020-06-12,3071.04,3088.42,2984.47,3041.31,3041.31,"5,845,330,000",S&P500
2020-06-11,3123.53,3123.53,2999.49,3002.1,3002.1,"7,037,320,000",S&P500
2020-06-10,3213.42,3223.27,3181.49,3190.14,3190.14,"6,598,870,000",S&P500
2020-06-09,3213.32,3222.71,3193.11,3207.18,3207.18,"6,410,930,000",S&P500
2020-06-08,3199.92,3233.13,3196.0,3232.39,3232.39,"8,498,300,000",S&P500
2020-06-05,3163.84,3211.72,3163.84,3193.93,3193.93,"8,639,300,000",S&P500
2020-06-04,3111.56,3128.91,3090.41,3112.35,3112.35,"6,451,290,000",S&P500
2020-06-03,3098.9,3130.94,3098.9,3122.87,3122.87,"6,005,560,000",S&P500
2020-06-02,3064.78,3081.07,3051.64,3080.82,3080.82,"5,197,150,000",S&P500
2020-06-01,3038.78,3062.18,3031.54,3055.73,3055.73,"4,684,170,000",S&P500
2020-05-29,3025.17,3049.17,2998.61,3044.31,3044.31,"7,297,550,000",S&P500
2020-05-28,3046.61,3068.67,3023.4,3029.73,3029.73,"5,447,020,000",S&P500
2020-05-27,3015.65,3036.25,2969.75,3036.13,3036.13,"6,398,000,000",S&P500
2020-05-26,3004.08,3021.72,2988.17,2991.77,2991.77,"5,848,500,000",S&P500
2020-05-22,2948.05,2956.76,2933.59,2955.45,2955.45,"3,970,860,000",S&P500
2020-05-21,2969.95,2978.5,2938.57,2948.51,2948.51,"4,976,620,000",S&P500
2020-05-20,2953.63,2980.29,2953.63,2971.61,2971.61,"5,005,380,000",S&P500
2020-05-19,2948.59,2964.21,2922.35,2922.94,2922.94,"4,984,330,000",S&P500
2020-05-18,2913.86,2968.09,2913.86,2953.91,2953.91,"6,373,670,000",S&P500
2020-05-15,2829.95,2865.01,2816.78,2863.7,2863.7,"5,507,700,000",S&P500
2020-05-14,2794.54,2852.8,2766.64,2852.5,2852.5,"5,651,130,000",S&P500
2020-05-13,2865.86,2874.14,2793.15,2820.0,2820.0,"6,151,650,000",S&P500
2020-05-12,2939.5,2945.82,2869.59,2870.12,2870.12,"5,119,630,000",S&P500
2020-05-11,2915.46,2944.25,2903.44,2930.19,2930.19,"4,819,730,000",S&P500
2020-05-08,2908.83,2932.16,2902.88,2929.8,2929.8,"4,876,030,000",S&P500
2020-05-07,2878.26,2901.92,2876.48,2881.19,2881.19,"5,178,790,000",S&P500
2020-05-06,2883.14,2891.11,2847.65,2848.42,2848.42,"4,892,570,000",S&P500
2020-05-05,2868.88,2898.23,2863.55,2868.44,2868.44,"5,140,290,000",S&P500
2020-05-04,2815.01,2844.24,2797.85,2842.74,2842.74,"4,735,930,000",S&P500
2020-05-01,2869.09,2869.09,2821.61,2830.71,2830.71,"4,759,810,000",S&P500
2020-04-30,2930.91,2930.91,2892.47,2912.43,2912.43,"6,544,980,000",S&P500
2020-04-29,2918.46,2954.86,2912.16,2939.51,2939.51,"6,645,640,000",S&P500
2020-04-28,2909.96,2921.15,2860.71,2863.39,2863.39,"5,691,160,000",S&P500
2020-04-27,2854.65,2887.72,2852.89,2878.48,2878.48,"5,203,930,000",S&P500
2020-04-24,2812.64,2842.71,2791.76,2836.74,2836.74,"5,382,810,000",S&P500
2020-04-23,2810.42,2844.9,2794.26,2797.8,2797.8,"5,773,530,000",S&P500
2020-04-22,2787.89,2815.1,2775.95,2799.31,2799.31,"5,084,920,000",S&P500
2020-04-21,2784.81,2785.54,2727.1,2736.56,2736.56,"5,121,010,000",S&P500
2020-04-20,2845.62,2868.98,2820.43,2823.16,2823.16,"5,228,630,000",S&P500
2020-04-17,2842.43,2879.22,2830.88,2874.56,2874.56,"5,804,810,000",S&P500
2020-04-16,2799.34,2806.51,2764.32,2799.55,2799.55,"5,228,810,000",S&P500
2020-04-15,2795.64,2801.88,2761.54,2783.36,2783.36,"5,208,000,000",S&P500
2020-04-14,2805.1,2851.85,2805.1,2846.06,2846.06,"5,615,730,000",S&P500
2020-04-13,2782.46,2782.46,2721.17,2761.63,2761.63,"5,319,530,000",S&P500
2020-04-09,2776.99,2818.57,2762.36,2789.82,2789.82,"7,899,550,000",S&P500
2020-04-08,2685.0,2760.75,2663.3,2749.98,2749.98,"5,875,710,000",S&P500
2020-04-07,2738.65,2756.89,2657.67,2659.41,2659.41,"7,050,410,000",S&P500
2020-04-06,2578.28,2676.85,2574.57,2663.68,2663.68,"6,403,840,000",S&P500
2020-04-03,2514.92,2538.18,2459.96,2488.65,2488.65,"6,096,970,000",S&P500
2020-04-02,2458.54,2533.22,2455.79,2526.9,2526.9,"6,464,190,000",S&P500
2020-04-01,2498.08,2522.75,2447.49,2470.5,2470.5,"5,964,000,000",S&P500
2020-03-31,2614.69,2641.39,2571.15,2584.59,2584.59,"6,576,210,000",S&P500
2020-03-30,2558.98,2631.8,2545.28,2626.65,2626.65,"5,751,120,000",S&P500
2020-03-27,2555.87,2615.91,2520.02,2541.47,2541.47,"6,201,670,000",S&P500
2020-03-26,2501.29,2637.01,2500.72,2630.07,2630.07,"7,766,990,000",S&P500
2020-03-25,2457.77,2571.42,2407.53,2475.56,2475.56,"8,300,010,000",S&P500
2020-03-24,2344.44,2449.71,2344.44,2447.33,2447.33,"7,563,150,000",S&P500
2020-03-23,2290.71,2300.73,2191.86,2237.4,2237.4,"7,411,380,000",S&P500
2020-03-20,2431.94,2453.01,2295.56,2304.92,2304.92,"9,053,950,000",S&P500
2020-03-19,2393.48,2466.97,2319.78,2409.39,2409.39,"7,956,100,000",S&P500
2020-03-18,2436.5,2453.57,2280.52,2398.1,2398.1,"8,799,300,000",S&P500
2020-03-17,2425.66,2553.93,2367.04,2529.19,2529.19,"8,370,250,000",S&P500
2020-03-16,2508.59,2562.98,2380.94,2386.13,2386.13,"7,805,450,000",S&P500
2020-03-13,2569.99,2711.33,2492.37,2711.02,2711.02,"8,299,070,000",S&P500
2020-03-12,2630.86,2660.95,2478.86,2480.64,2480.64,"8,850,810,000",S&P500
2020-03-11,2825.6,2825.6,2707.22,2741.38,2741.38,"7,431,200,000",S&P500
2020-03-10,2813.48,2882.59,2734.0,2882.23,2882.23,"7,642,040,000",S&P500
2020-03-09,2863.89,2863.89,2734.43,2746.56,2746.56,"8,441,290,000",S&P500
2020-03-06,2954.2,2985.93,2901.54,2972.37,2972.37,"6,555,240,000",S&P500
2020-03-05,3075.7,3083.04,2999.83,3023.94,3023.94,"5,579,290,000",S&P500
2020-03-04,3045.75,3130.97,3034.38,3130.12,3130.12,"5,073,020,000",S&P500
2020-03-03,3096.46,3136.72,2976.63,3003.37,3003.37,"6,376,510,000",S&P500
2020-03-02,2974.28,3090.96,2945.19,3090.23,3090.23,"6,381,330,000",S&P500
2020-02-28,2916.9,2959.72,2855.84,2954.22,2954.22,"8,569,570,000",S&P500
2020-02-27,3062.54,3097.07,2977.39,2978.76,2978.76,"7,064,710,000",S&P500
2020-02-26,3139.9,3182.51,3108.99,3116.39,3116.39,"5,484,650,000",S&P500
2020-02-25,3238.94,3246.99,3118.77,3128.21,3128.21,"5,596,760,000",S&P500
2020-02-24,3257.61,3259.81,3214.65,3225.89,3225.89,"4,851,160,000",S&P500
2020-02-21,3360.5,3360.76,3328.45,3337.75,3337.75,"3,908,780,000",S&P500
2020-02-20,3380.45,3389.15,3341.02,3373.23,3373.23,"4,019,180,000",S&P500
2020-02-19,3380.39,3393.52,3378.83,3386.15,3386.15,"3,614,200,000",S&P500
2020-02-18,3369.04,3375.01,3355.61,3370.29,3370.29,"3,750,400,000",S&P500
2020-02-14,3378.08,3380.69,3366.15,3380.16,3380.16,"3,419,700,000",S&P500
2020-02-13,3365.9,3385.09,3360.52,3373.94,3373.94,"3,500,890,000",S&P500
2020-02-12,3370.5,3381.47,3369.72,3379.45,3379.45,"3,930,910,000",S&P500
2020-02-11,3365.87,3375.63,3352.72,3357.75,3357.75,"3,762,940,000",S&P500
2020-02-10,3318.28,3352.26,3317.77,3352.09,3352.09,"3,462,730,000",S&P500
2020-02-07,3335.54,3341.42,3322.12,3327.71,3327.71,"3,733,920,000",S&P500
2020-02-06,3344.92,3347.96,3334.39,3345.78,3345.78,"3,887,250,000",S&P500
2020-02-05,3324.91,3337.58,3313.75,3334.69,3334.69,"4,121,480,000",S&P500
2020-02-04,3280.61,3306.92,3280.61,3297.59,3297.59,"3,996,900,000",S&P500
2020-02-03,3235.66,3268.44,3235.66,3248.92,3248.92,"3,760,460,000",S&P500
2020-01-31,3282.33,3282.33,3214.68,3225.52,3225.52,"4,529,700,000",S&P500
2020-01-30,3256.45,3285.91,3242.8,3283.66,3283.66,"3,790,350,000",S&P500
2020-01-29,3289.46,3293.47,3271.89,3273.4,3273.4,"3,600,250,000",S&P500
2020-01-28,3255.35,3285.78,3253.22,3276.24,3276.24,"3,531,570,000",S&P500
2020-01-27,3247.16,3258.85,3234.5,3243.63,3243.63,"3,831,050,000",S&P500
2020-01-24,3333.1,3333.18,3281.53,3295.47,3295.47,"3,708,780,000",S&P500
2020-01-23,3315.77,3326.88,3301.87,3325.54,3325.54,"3,766,710,000",S&P500
2020-01-22,3330.02,3337.77,3320.04,3321.75,3321.75,"3,623,780,000",S&P500
2020-01-21,3321.03,3329.79,3316.61,3320.79,3320.79,"4,104,840,000",S&P500
2020-01-17,3323.66,3329.88,3318.86,3329.62,3329.62,"3,726,220,000",S&P500
2020-01-16,3302.97,3317.11,3302.82,3316.81,3316.81,"3,540,580,000",S&P500
2020-01-15,3282.27,3298.66,3280.69,3289.29,3289.29,"3,721,490,000",S&P500
2020-01-14,3285.35,3294.25,3277.19,3283.15,3283.15,"3,687,620,000",S&P500
2020-01-13,3271.13,3288.13,3268.43,3288.13,3288.13,"3,459,390,000",S&P500
2020-01-10,3281.81,3282.99,3260.86,3265.35,3265.35,"3,214,580,000",S&P500
2020-01-09,3266.03,3275.58,3263.67,3274.7,3274.7,"3,641,230,000",S&P500
2020-01-08,3238.59,3267.07,3236.67,3253.05,3253.05,"3,726,840,000",S&P500
2020-01-07,3241.86,3244.91,3232.43,3237.18,3237.18,"3,435,910,000",S&P500
2020-01-06,3217.55,3246.84,3214.64,3246.28,3246.28,"3,702,460,000",S&P500
2020-01-03,3226.36,3246.15,3222.34,3234.85,3234.85,"3,484,700,000",S&P500
2020-01-02,3244.67,3258.14,3235.53,3257.85,3257.85,"3,459,930,000",S&P500
2019-12-31,3215.18,3231.72,3212.03,3230.78,3230.78,"2,894,760,000",S&P500
2019-12-30,3240.09,3240.92,3216.57,3221.29,3221.29,"3,021,720,000",S&P500
2019-12-27,3247.23,3247.93,3234.37,3240.02,3240.02,"2,429,150,000",S&P500
2019-12-26,3227.2,3240.08,3227.2,3239.91,3239.91,"2,164,540,000",S&P500
2019-12-24,3225.45,3226.43,3220.51,3223.38,3223.38,"1,296,530,000",S&P500
2019-12-23,3226.05,3227.78,3222.3,3224.01,3224.01,"3,064,530,000",S&P500
2019-12-20,3223.33,3225.65,3216.03,3221.22,3221.22,"6,457,480,000",S&P500
2019-12-19,3192.32,3205.48,3192.32,3205.37,3205.37,"3,784,360,000",S&P500
2019-12-18,3195.21,3198.48,3191.14,3191.14,3191.14,"4,029,950,000",S&P500
2019-12-17,3195.4,3198.22,3191.03,3192.52,3192.52,"3,842,940,000",S&P500
2019-12-16,3183.63,3197.71,3183.63,3191.45,3191.45,"4,070,200,000",S&P500
2019-12-13,3166.65,3182.68,3156.51,3168.8,3168.8,"3,757,650,000",S&P500
2019-12-12,3141.23,3176.28,3138.47,3168.57,3168.57,"4,003,200,000",S&P500
2019-12-11,3135.75,3143.98,3133.21,3141.63,3141.63,"3,257,650,000",S&P500
2019-12-10,3135.36,3142.12,3126.09,3132.52,3132.52,"3,346,310,000",S&P500
2019-12-09,3141.86,3148.87,3135.46,3135.96,3135.96,"3,400,470,000",S&P500
2019-12-06,3134.62,3150.6,3134.62,3145.91,3145.91,"3,483,310,000",S&P500
2019-12-05,3119.21,3119.45,3103.76,3117.43,3117.43,"3,360,480,000",S&P500
2019-12-04,3103.5,3119.38,3102.53,3112.76,3112.76,"3,702,980,000",S&P500
2019-12-03,3087.41,3094.97,3070.33,3093.2,3093.2,"3,671,580,000",S&P500
2019-12-02,3143.85,3144.31,3110.78,3113.87,3113.87,"3,285,750,000",S&P500
2019-11-29,3147.18,3150.3,3139.34,3140.98,3140.98,"1,743,420,000",S&P500
2019-11-27,3145.49,3154.26,3143.41,3153.63,3153.63,"3,035,470,000",S&P500
2019-11-26,3134.85,3142.69,3131.0,3140.52,3140.52,"4,600,450,000",S&P500
2019-11-25,3117.44,3133.83,3117.44,3133.64,3133.64,"3,514,310,000",S&P500
2019-11-22,3111.41,3112.87,3099.26,3110.29,3110.29,"3,235,270,000",S&P500
2019-11-21,3108.49,3110.11,3094.55,3103.54,3103.54,"3,744,010,000",S&P500
2019-11-20,3114.66,3118.97,3091.41,3108.46,3108.46,"4,041,010,000",S&P500
2019-11-19,3127.45,3127.64,3113.47,3120.18,3120.18,"3,613,670,000",S&P500
2019-11-18,3117.91,3124.17,3112.06,3122.03,3122.03,"3,440,140,000",S&P500
2019-11-15,3107.92,3120.46,3104.6,3120.46,3120.46,"3,359,800,000",S&P500
2019-11-14,3090.75,3098.2,3083.26,3096.63,3096.63,"3,282,090,000",S&P500
2019-11-13,3084.18,3098.06,3078.8,3094.04,3094.04,"3,513,720,000",S&P500
2019-11-12,3089.28,3102.61,3084.73,3091.84,3091.84,"3,495,560,000",S&P500
2019-11-11,3080.33,3088.33,3075.82,3087.01,3087.01,"3,041,120,000",S&P500
2019-11-08,3081.25,3093.09,3073.58,3093.08,3093.08,"3,508,160,000",S&P500
2019-11-07,3087.02,3097.77,3080.23,3085.18,3085.18,"4,151,990,000",S&P500
2019-11-06,3075.1,3078.34,3065.89,3076.78,3076.78,"4,465,510,000",S&P500
2019-11-05,3080.8,3083.95,3072.15,3074.62,3074.62,"4,490,590,000",S&P500
2019-11-04,3078.96,3085.2,3074.87,3078.27,3078.27,"4,178,040,000",S&P500
2019-11-01,3050.72,3066.95,3050.72,3066.91,3066.91,"3,956,290,000",S&P500
2019-10-31,3046.9,3046.9,3023.19,3037.56,3037.56,"4,149,310,000",S&P500
2019-10-30,3039.74,3050.1,3025.96,3046.77,3046.77,"3,779,660,000",S&P500
2019-10-29,3035.39,3047.87,3034.81,3036.89,3036.89,"3,594,430,000",S&P500
2019-10-28,3032.12,3044.08,3032.12,3039.42,3039.42,"3,524,970,000",S&P500
2019-10-25,3003.32,3027.39,3001.94,3022.55,3022.55,"3,379,060,000",S&P500
2019-10-24,3014.78,3016.07,3000.42,3010.29,3010.29,"3,696,510,000",S&P500
2019-10-23,2994.01,3004.78,2991.21,3004.52,3004.52,"3,413,600,000",S&P500
2019-10-22,3010.73,3014.57,2995.04,2995.99,2995.99,"3,527,540,000",S&P500
2019-10-21,2996.48,3007.33,2995.35,3006.72,3006.72,"3,271,960,000",S&P500
2019-10-18,2996.84,3000.0,2976.31,2986.2,2986.2,"3,268,970,000",S&P500
2019-10-17,3000.77,3008.29,2991.79,2997.95,2997.95,"3,103,470,000",S&P500
2019-10-16,2989.68,2997.54,2985.2,2989.69,2989.69,"3,230,320,000",S&P500
2019-10-15,2973.61,3003.28,2973.61,2995.68,2995.68,"3,345,090,000",S&P500
2019-10-14,2965.81,2972.84,2962.94,2966.15,2966.15,"2,559,270,000",S&P500
2019-10-11,2963.07,2993.28,2963.07,2970.27,2970.27,"3,581,320,000",S&P500
2019-10-10,2918.55,2948.46,2917.12,2938.13,2938.13,"3,234,400,000",S&P500
2019-10-09,2911.1,2929.32,2907.41,2919.4,2919.4,"2,735,350,000",S&P500
2019-10-08,2920.4,2925.47,2892.66,2893.06,2893.06,"3,370,700,000",S&P500
2019-10-07,2944.23,2959.75,2935.68,2938.79,2938.79,"2,959,050,000",S&P500
2019-10-04,2918.56,2953.74,2918.56,2952.01,2952.01,"3,005,600,000",S&P500
2019-10-03,2885.38,2911.13,2855.94,2910.63,2910.63,"3,515,130,000",S&P500
2019-10-02,2924.78,2924.78,2874.93,2887.61,2887.61,"3,914,180,000",S&P500
2019-10-01,2983.69,2992.53,2938.7,2940.25,2940.25,"3,560,750,000",S&P500
2019-09-30,2967.07,2983.85,2967.07,2976.74,2976.74,"3,249,130,000",S&P500
2019-09-27,2985.47,2987.31,2945.53,2961.79,2961.79,"3,246,480,000",S&P500
2019-09-26,2985.73,2987.28,2963.71,2977.62,2977.62,"3,084,910,000",S&P500
2019-09-25,2968.35,2989.82,2952.86,2984.87,2984.87,"3,331,200,000",S&P500
2019-09-24,3002.43,3007.98,2957.73,2966.6,2966.6,"3,872,800,000",S&P500
2019-09-23,2983.5,2999.15,2982.23,2991.78,2991.78,"3,187,250,000",S&P500
2019-09-20,3008.42,3016.37,2984.68,2992.07,2992.07,"6,103,440,000",S&P500
2019-09-19,3010.36,3021.99,3003.16,3006.79,3006.79,"3,265,660,000",S&P500
2019-09-18,3001.5,3007.83,2978.57,3006.73,3006.73,"3,458,800,000",S&P500
2019-09-17,2995.67,3006.21,2993.73,3005.7,3005.7,"3,673,250,000",S&P500
2019-09-16,2996.41,3002.19,2990.67,2997.96,2997.96,"4,285,860,000",S&P500
2019-09-13,3012.21,3017.33,3002.9,3007.39,3007.39,"3,557,010,000",S&P500
2019-09-12,3009.08,3020.74,3000.92,3009.57,3009.57,"3,796,990,000",S&P500
2019-09-11,2981.41,3000.93,2975.31,3000.93,3000.93,"3,934,370,000",S&P500
2019-09-10,2971.01,2979.39,2957.01,2979.39,2979.39,"4,393,040,000",S&P500
2019-09-09,2988.43,2989.43,2969.39,2978.43,2978.43,"4,031,120,000",S&P500
2019-09-06,2980.33,2985.03,2972.51,2978.71,2978.71,"3,209,340,000",S&P500
2019-09-05,2960.6,2985.86,2960.6,2976.0,2976.0,"3,902,600,000",S&P500
2019-09-04,2924.67,2938.84,2921.86,2937.78,2937.78,"3,167,900,000",S&P500
2019-09-03,2909.01,2914.39,2891.85,2906.27,2906.27,"3,427,830,000",S&P500
2019-08-30,2937.09,2940.43,2913.32,2926.46,2926.46,"3,009,910,000",S&P500
2019-08-29,2910.37,2930.5,2905.67,2924.58,2924.58,"3,177,150,000",S&P500
2019-08-28,2861.28,2890.03,2853.05,2887.94,2887.94,"3,102,480,000",S&P500
2019-08-27,2893.14,2898.79,2860.59,2869.16,2869.16,"3,537,490,000",S&P500
2019-08-26,2866.7,2879.27,2856.0,2878.38,2878.38,"2,859,790,000",S&P500
2019-08-23,2911.07,2927.01,2834.97,2847.11,2847.11,"3,942,520,000",S&P500
2019-08-22,2930.94,2939.08,2904.51,2922.95,2922.95,"2,893,660,000",S&P500
2019-08-21,2922.04,2928.73,2917.91,2924.43,2924.43,"3,016,540,000",S&P500
2019-08-20,2919.01,2923.63,2899.6,2900.51,2900.51,"3,067,710,000",S&P500
2019-08-19,2913.48,2931.0,2913.48,2923.65,2923.65,"3,221,050,000",S&P500
2019-08-16,2864.74,2893.63,2864.74,2888.68,2888.68,"3,524,080,000",S&P500
2019-08-15,2846.2,2856.67,2825.51,2847.6,2847.6,"4,041,720,000",S&P500
2019-08-14,2894.15,2894.15,2839.64,2840.6,2840.6,"4,325,150,000",S&P500
2019-08-13,2880.72,2943.31,2877.05,2926.32,2926.32,"3,857,190,000",S&P500
2019-08-12,2907.07,2907.58,2873.14,2882.7,2882.7,"3,328,570,000",S&P500
2019-08-09,2930.51,2935.75,2900.15,2918.65,2918.65,"3,356,850,000",S&P500
2019-08-08,2896.21,2938.72,2894.47,2938.09,2938.09,"4,118,530,000",S&P500
2019-08-07,2858.65,2892.17,2825.71,2883.98,2883.98,"4,512,720,000",S&P500
2019-08-06,2861.18,2884.4,2847.42,2881.77,2881.77,"4,156,640,000",S&P500
2019-08-05,2898.07,2898.07,2822.12,2844.74,2844.74,"4,542,850,000",S&P500
2019-08-02,2943.9,2945.5,2914.11,2932.05,2932.05,"3,882,810,000",S&P500
2019-08-01,2980.32,3013.59,2945.23,2953.56,2953.56,"4,793,810,000",S&P500
2019-07-31,3016.22,3017.4,2958.08,2980.38,2980.38,"4,626,330,000",S&P500
2019-07-30,3007.66,3017.19,3000.94,3013.18,3013.18,"3,632,770,000",S&P500
2019-07-29,3024.47,3025.61,3014.3,3020.97,3020.97,"3,224,490,000",S&P500
2019-07-26,3013.25,3027.98,3012.59,3025.86,3025.86,"3,260,170,000",S&P500
2019-07-25,3016.26,3016.31,2997.24,3003.67,3003.67,"3,657,050,000",S&P500
2019-07-24,2998.77,3019.59,2996.82,3019.56,3019.56,"3,433,220,000",S&P500
2019-07-23,2994.74,3005.9,2988.56,3005.47,3005.47,"3,333,810,000",S&P500
2019-07-22,2981.93,2990.71,2976.65,2985.03,2985.03,"3,016,200,000",S&P500
2019-07-19,3004.26,3006.02,2975.86,2976.61,2976.61,"3,285,890,000",S&P500
2019-07-18,2978.87,2998.28,2973.09,2995.11,2995.11,"3,369,820,000",S&P500
2019-07-17,3005.1,3005.26,2984.25,2984.42,2984.42,"3,185,650,000",S&P500
2019-07-16,3012.13,3015.02,3001.15,3004.04,3004.04,"3,297,030,000",S&P500
2019-07-15,3017.8,3017.8,3008.77,3014.3,3014.3,"2,876,100,000",S&P500
2019-07-12,3003.36,3013.92,3001.87,3013.77,3013.77,"2,984,140,000",S&P500
2019-07-11,2999.62,3002.33,2988.8,2999.91,2999.91,"3,155,710,000",S&P500
2019-07-10,2989.3,3002.98,2984.62,2993.07,2993.07,"3,157,800,000",S&P500
2019-07-09,2965.52,2981.9,2963.44,2979.63,2979.63,"3,033,330,000",S&P500
2019-07-08,2979.77,2980.76,2970.09,2975.95,2975.95,"2,922,360,000",S&P500
2019-07-05,2984.25,2994.03,2967.97,2990.41,2990.41,"2,434,680,000",S&P500
2019-07-03,2978.08,2995.84,2977.96,2995.82,2995.82,"1,963,570,000",S&P500
2019-07-02,2964.66,2973.21,2955.92,2973.01,2973.01,"3,224,490,000",S&P500
2019-07-01,2971.41,2977.93,2952.22,2964.33,2964.33,"3,524,860,000",S&P500
2019-06-28,2932.94,2943.98,2929.05,2941.76,2941.76,"5,422,650,000",S&P500
2019-06-27,2919.66,2929.3,2918.57,2924.92,2924.92,"3,162,500,000",S&P500
2019-06-26,2926.07,2932.59,2912.99,2913.78,2913.78,"3,511,350,000",S&P500
2019-06-25,2945.78,2946.52,2916.01,2917.38,2917.38,"3,579,430,000",S&P500
2019-06-24,2951.42,2954.92,2944.05,2945.35,2945.35,"3,136,960,000",S&P500
2019-06-21,2952.71,2964.15,2946.87,2950.46,2950.46,"5,003,540,000",S&P500
2019-06-20,2949.6,2958.06,2931.5,2954.18,2954.18,"3,943,060,000",S&P500
2019-06-19,2920.55,2931.74,2911.43,2926.46,2926.46,"3,300,220,000",S&P500
2019-06-18,2906.71,2930.79,2905.44,2917.75,2917.75,"3,441,540,000",S&P500
2019-06-17,2889.75,2897.27,2887.3,2889.67,2889.67,"2,828,400,000",S&P500
2019-06-14,2886.82,2894.45,2879.62,2886.98,2886.98,"2,992,810,000",S&P500
2019-06-13,2886.24,2895.24,2881.99,2891.64,2891.64,"3,100,640,000",S&P500
2019-06-12,2882.73,2888.57,2874.68,2879.84,2879.84,"3,039,870,000",S&P500
2019-06-11,2903.27,2910.61,2878.53,2885.72,2885.72,"3,551,000,000",S&P500
2019-06-10,2885.83,2904.77,2885.51,2886.73,2886.73,"3,209,890,000",S&P500
2019-06-07,2852.87,2884.97,2852.87,2873.34,2873.34,"3,244,380,000",S&P500
2019-06-06,2828.51,2852.1,2822.45,2843.49,2843.49,"3,445,140,000",S&P500
2019-06-05,2818.09,2827.28,2800.92,2826.15,2826.15,"3,570,760,000",S&P500
2019-06-04,2762.64,2804.49,2762.64,2803.27,2803.27,"3,814,130,000",S&P500
2019-06-03,2751.53,2763.07,2728.81,2744.45,2744.45,"3,952,360,000",S&P500
2019-05-31,2766.15,2768.98,2750.52,2752.06,2752.06,"3,982,670,000",S&P500
2019-05-30,2786.94,2799.0,2776.74,2788.86,2788.86,"3,276,030,000",S&P500
2019-05-29,2790.25,2792.03,2766.06,2783.02,2783.02,"3,701,110,000",S&P500
2019-05-28,2830.03,2840.51,2801.58,2802.39,2802.39,"4,146,980,000",S&P500
2019-05-24,2832.41,2841.36,2820.19,2826.06,2826.06,"2,889,230,000",S&P500
2019-05-23,2836.7,2836.7,2805.49,2822.24,2822.24,"3,899,320,000",S&P500
2019-05-22,2856.06,2865.47,2851.11,2856.27,2856.27,"3,194,000,000",S&P500
2019-05-21,2854.02,2868.88,2854.02,2864.36,2864.36,"3,223,050,000",S&P500
2019-05-20,2841.94,2853.86,2831.29,2840.23,2840.23,"3,293,750,000",S&P500
2019-05-17,2858.6,2885.48,2854.23,2859.53,2859.53,"3,316,040,000",S&P500
2019-05-16,2855.8,2892.15,2855.8,2876.32,2876.32,"3,338,470,000",S&P500
2019-05-15,2820.38,2858.68,2815.08,2850.96,2850.96,"3,140,900,000",S&P500
2019-05-14,2820.12,2852.54,2820.12,2834.41,2834.41,"3,354,860,000",S&P500
2019-05-13,2840.19,2840.19,2801.43,2811.87,2811.87,"3,900,270,000",S&P500
2019-05-10,2863.1,2891.31,2825.39,2881.4,2881.4,"3,566,780,000",S&P500
2019-05-09,2859.84,2875.97,2836.4,2870.72,2870.72,"3,659,050,000",S&P500
2019-05-08,2879.61,2897.96,2873.28,2879.42,2879.42,"3,543,110,000",S&P500
2019-05-07,2913.03,2913.03,2862.6,2884.05,2884.05,"3,793,060,000",S&P500
2019-05-06,2908.89,2937.32,2898.21,2932.47,2932.47,"3,203,260,000",S&P500
2019-05-03,2929.21,2947.85,2929.21,2945.64,2945.64,"3,357,180,000",S&P500
2019-05-02,2922.16,2931.68,2900.5,2917.52,2917.52,"3,802,290,000",S&P500
2019-05-01,2952.33,2954.13,2923.36,2923.73,2923.73,"3,669,330,000",S&P500
2019-04-30,2937.14,2948.22,2924.11,2945.83,2945.83,"3,939,760,000",S&P500
2019-04-29,2940.58,2949.52,2939.35,2943.03,2943.03,"3,150,390,000",S&P500
2019-04-26,2925.81,2939.88,2917.56,2939.88,2939.88,"3,264,390,000",S&P500
2019-04-25,2928.99,2933.1,2912.84,2926.17,2926.17,"3,440,010,000",S&P500
2019-04-24,2934.0,2936.83,2926.05,2927.25,2927.25,"3,468,480,000",S&P500
2019-04-23,2909.99,2936.31,2908.53,2933.68,2933.68,"3,674,480,000",S&P500
2019-04-22,2898.78,2909.51,2896.35,2907.97,2907.97,"3,010,130,000",S&P500
2019-04-18,2904.81,2908.4,2891.9,2905.03,2905.03,"3,507,100,000",S&P500
2019-04-17,2916.04,2918.0,2895.45,2900.45,2900.45,"3,648,100,000",S&P500
2019-04-16,2912.26,2916.06,2900.71,2907.06,2907.06,"3,403,120,000",S&P500
2019-04-15,2908.32,2909.6,2896.48,2905.58,2905.58,"3,114,530,000",S&P500
2019-04-12,2900.86,2910.54,2898.37,2907.41,2907.41,"3,726,050,000",S&P500
2019-04-11,2891.92,2893.42,2881.99,2888.32,2888.32,"2,970,650,000",S&P500
2019-04-10,2881.37,2889.71,2879.13,2888.21,2888.21,"3,092,230,000",S&P500
2019-04-09,2886.58,2886.88,2873.33,2878.2,2878.2,"3,032,480,000",S&P500
2019-04-08,2888.46,2895.95,2880.78,2895.77,2895.77,"3,056,460,000",S&P500
2019-04-05,2884.16,2893.24,2882.99,2892.74,2892.74,"3,155,970,000",S&P500
2019-04-04,2873.99,2881.28,2867.14,2879.39,2879.39,"3,038,740,000",S&P500
2019-04-03,2876.09,2885.25,2865.17,2873.4,2873.4,"3,570,000,000",S&P500
2019-04-02,2868.24,2872.9,2858.75,2867.24,2867.24,"3,267,210,000",S&P500
2019-04-01,2848.63,2869.4,2848.63,2867.19,2867.19,"3,560,090,000",S&P500
2019-03-29,2828.27,2836.03,2819.23,2834.4,2834.4,"3,752,520,000",S&P500
2019-03-28,2809.4,2819.71,2798.77,2815.44,2815.44,"3,185,460,000",S&P500
2019-03-27,2819.72,2825.56,2787.72,2805.37,2805.37,"3,422,400,000",S&P500
2019-03-26,2812.66,2829.87,2803.99,2818.46,2818.46,"3,288,570,000",S&P500
2019-03-25,2796.01,2809.79,2785.02,2798.36,2798.36,"3,406,110,000",S&P500
2019-03-22,2844.52,2846.16,2800.47,2800.71,2800.71,"4,253,730,000",S&P500
2019-03-21,2819.72,2860.31,2817.38,2854.88,2854.88,"3,612,620,000",S&P500
2019-03-20,2831.34,2843.54,2812.43,2824.23,2824.23,"3,779,160,000",S&P500
2019-03-19,2840.76,2852.42,2823.27,2832.57,2832.57,"3,650,740,000",S&P500
2019-03-18,2822.61,2835.41,2821.99,2832.94,2832.94,"3,620,770,000",S&P500
2019-03-15,2810.79,2830.73,2810.79,2822.48,2822.48,"5,969,780,000",S&P500
2019-03-14,2810.38,2815.0,2803.46,2808.48,2808.48,"3,505,670,000",S&P500
2019-03-13,2799.78,2821.24,2799.78,2810.92,2810.92,"3,782,250,000",S&P500
2019-03-12,2787.34,2798.32,2786.73,2791.52,2791.52,"3,432,340,000",S&P500
2019-03-11,2747.61,2784.0,2747.61,2783.3,2783.3,"3,764,850,000",S&P500
2019-03-08,2730.79,2744.13,2722.27,2743.07,2743.07,"3,424,300,000",S&P500
2019-03-07,2766.53,2767.25,2739.09,2748.93,2748.93,"3,932,150,000",S&P500
2019-03-06,2790.27,2790.27,2768.69,2771.45,2771.45,"3,800,180,000",S&P500
2019-03-05,2794.41,2796.44,2782.97,2789.65,2789.65,"3,631,380,000",S&P500
2019-03-04,2814.37,2816.88,2767.66,2792.81,2792.81,"3,949,730,000",S&P500
2019-03-01,2798.22,2808.02,2787.38,2803.69,2803.69,"3,994,950,000",S&P500
2019-02-28,2788.11,2793.73,2782.51,2784.49,2784.49,"4,445,780,000",S&P500
2019-02-27,2787.5,2795.76,2775.13,2792.38,2792.38,"3,771,790,000",S&P500
2019-02-26,2792.36,2803.12,2789.47,2793.9,2793.9,"3,676,200,000",S&P500
2019-02-25,2804.35,2813.49,2794.99,2796.11,2796.11,"3,860,260,000",S&P500
2019-02-22,2780.67,2794.2,2779.11,2792.67,2792.67,"3,429,350,000",S&P500
2019-02-21,2780.24,2781.58,2764.55,2774.88,2774.88,"3,598,260,000",S&P500
2019-02-20,2779.05,2789.88,2774.06,2784.7,2784.7,"3,904,830,000",S&P500
2019-02-19,2769.28,2787.33,2767.29,2779.76,2779.76,"3,535,270,000",S&P500
2019-02-15,2760.24,2775.66,2760.24,2775.6,2775.6,"3,648,680,000",S&P500
2019-02-14,2743.5,2757.9,2731.23,2745.73,2745.73,"3,845,390,000",S&P500
2019-02-13,2750.3,2761.85,2748.63,2753.03,2753.03,"3,684,910,000",S&P500
2019-02-12,2722.61,2748.19,2722.61,2744.73,2744.73,"3,843,020,000",S&P500
2019-02-11,2712.4,2718.05,2703.79,2709.8,2709.8,"3,395,330,000",S&P500
2019-02-08,2692.36,2708.07,2681.83,2707.88,2707.88,"3,649,510,000",S&P500
2019-02-07,2717.53,2719.32,2687.26,2706.05,2706.05,"4,114,040,000",S&P500
2019-02-06,2735.05,2738.08,2724.15,2731.61,2731.61,"3,486,590,000",S&P500
2019-02-05,2728.34,2738.98,2724.03,2737.7,2737.7,"3,597,620,000",S&P500
2019-02-04,2706.49,2724.99,2698.75,2724.87,2724.87,"3,369,450,000",S&P500
2019-02-01,2702.32,2716.66,2696.88,2706.53,2706.53,"3,782,490,000",S&P500
2019-01-31,2685.49,2708.95,2678.65,2704.1,2704.1,"4,953,800,000",S&P500
2019-01-30,2653.62,2690.44,2648.34,2681.05,2681.05,"3,883,270,000",S&P500
2019-01-29,2644.89,2650.93,2631.05,2640.0,2640.0,"3,518,070,000",S&P500
2019-01-28,2644.97,2644.97,2624.06,2643.85,2643.85,"3,630,820,000",S&P500
2019-01-25,2657.44,2672.38,2657.33,2664.76,2664.76,"3,821,000,000",S&P500
2019-01-24,2638.84,2647.2,2627.01,2642.33,2642.33,"3,449,230,000",S&P500
2019-01-23,2643.48,2653.19,2612.86,2638.7,2638.7,"3,358,770,000",S&P500
2019-01-22,2657.88,2657.88,2617.27,2632.9,2632.9,"3,923,950,000",S&P500
2019-01-18,2651.27,2675.47,2647.58,2670.71,2670.71,"4,009,010,000",S&P500
2019-01-17,2609.28,2645.06,2606.36,2635.96,2635.96,"3,802,410,000",S&P500
2019-01-16,2614.75,2625.76,2612.68,2616.1,2616.1,"3,882,180,000",S&P500
2019-01-15,2585.1,2613.08,2585.1,2610.3,2610.3,"3,601,180,000",S&P500
2019-01-14,2580.31,2589.32,2570.41,2582.61,2582.61,"3,689,370,000",S&P500
2019-01-11,2588.11,2596.27,2577.4,2596.26,2596.26,"3,447,460,000",S&P500
2019-01-10,2573.51,2597.82,2562.02,2596.64,2596.64,"3,721,300,000",S&P500
2019-01-09,2580.0,2595.32,2568.89,2584.96,2584.96,"4,088,740,000",S&P500
2019-01-08,2568.11,2579.82,2547.56,2574.41,2574.41,"4,120,060,000",S&P500
2019-01-07,2535.61,2566.16,2524.56,2549.69,2549.69,"4,133,120,000",S&P500
2019-01-04,2474.33,2538.07,2474.33,2531.94,2531.94,"4,234,140,000",S&P500
2019-01-03,2491.92,2493.14,2443.96,2447.89,2447.89,"3,858,830,000",S&P500
2019-01-02,2476.96,2519.49,2467.47,2510.03,2510.03,"3,733,160,000",S&P500
2018-12-31,2498.94,2509.24,2482.82,2506.85,2506.85,"3,461,920,000",S&P500
2018-12-28,2498.77,2520.27,2472.89,2485.74,2485.74,"3,728,440,000",S&P500
2018-12-27,2442.5,2489.1,2397.94,2488.83,2488.83,"4,139,010,000",S&P500
2018-12-26,2363.12,2467.76,2346.58,2467.7,2467.7,"4,249,740,000",S&P500
2018-12-24,2400.56,2410.34,2351.1,2351.1,2351.1,"2,613,670,000",S&P500
2018-12-21,2465.38,2504.41,2408.55,2416.62,2416.62,"7,657,890,000",S&P500
2018-12-20,2496.77,2509.63,2441.18,2467.42,2467.42,"5,619,780,000",S&P500
2018-12-19,2547.05,2585.29,2488.96,2506.96,2506.96,"5,152,830,000",S&P500
2018-12-18,2559.9,2573.99,2528.71,2546.16,2546.16,"4,519,190,000",S&P500
2018-12-17,2590.75,2601.13,2530.54,2545.94,2545.94,"4,661,420,000",S&P500
2018-12-14,2629.68,2635.07,2593.84,2599.95,2599.95,"4,064,370,000",S&P500
2018-12-13,2658.7,2670.19,2637.27,2650.54,2650.54,"3,978,340,000",S&P500
2018-12-12,2658.23,2685.44,2650.26,2651.07,2651.07,"4,029,300,000",S&P500
2018-12-11,2664.44,2674.35,2621.3,2636.78,2636.78,"3,963,440,000",S&P500
2018-12-10,2630.86,2647.51,2583.23,2637.72,2637.72,"4,162,880,000",S&P500
2018-12-07,2691.26,2708.54,2623.14,2633.08,2633.08,"4,242,240,000",S&P500
2018-12-06,2663.51,2696.15,2621.53,2695.95,2695.95,"5,180,430,000",S&P500
2018-12-04,2782.43,2785.93,2697.18,2700.06,2700.06,"4,515,710,000",S&P500
2018-12-03,2790.5,2800.18,2773.38,2790.37,2790.37,"4,221,580,000",S&P500
2018-11-30,2737.76,2760.88,2732.76,2760.17,2760.17,"4,668,310,000",S&P500
2018-11-29,2736.97,2753.75,2722.94,2737.8,2737.8,"3,599,200,000",S&P500
2018-11-28,2691.45,2744.0,2684.38,2743.79,2743.79,"3,984,540,000",S&P500
2018-11-27,2663.75,2682.53,2655.89,2682.17,2682.17,"3,494,380,000",S&P500
2018-11-26,2649.97,2674.35,2649.97,2673.45,2673.45,"3,523,520,000",S&P500
2018-11-23,2633.36,2647.55,2631.09,2632.56,2632.56,"1,651,680,000",S&P500
2018-11-21,2657.74,2670.73,2649.82,2649.93,2649.93,"3,237,400,000",S&P500
2018-11-20,2654.6,2669.44,2631.52,2641.89,2641.89,"4,370,820,000",S&P500
2018-11-19,2730.74,2733.16,2681.09,2690.73,2690.73,"3,806,940,000",S&P500
2018-11-16,2718.54,2746.75,2712.16,2736.27,2736.27,"3,996,970,000",S&P500
2018-11-15,2693.52,2735.38,2670.75,2730.2,2730.2,"4,204,960,000",S&P500
2018-11-14,2737.9,2746.8,2685.75,2701.58,2701.58,"4,449,060,000",S&P500
2018-11-13,2730.05,2754.6,2714.98,2722.18,2722.18,"4,112,820,000",S&P500
2018-11-12,2773.93,2775.99,2722.0,2726.22,2726.22,"3,701,570,000",S&P500
2018-11-09,2794.1,2794.1,2764.24,2781.01,2781.01,"4,029,030,000",S&P500
2018-11-08,2806.38,2814.75,2794.99,2806.83,2806.83,"3,673,550,000",S&P500
2018-11-07,2774.13,2815.15,2774.13,2813.89,2813.89,"3,929,080,000",S&P500
2018-11-06,2738.4,2756.82,2737.08,2755.45,2755.45,"3,543,800,000",S&P500
2018-11-05,2726.37,2744.27,2717.94,2738.31,2738.31,"3,650,910,000",S&P500
2018-11-02,2745.45,2756.55,2700.44,2723.06,2723.06,"4,261,230,000",S&P500
2018-11-01,2717.58,2741.67,2708.85,2740.37,2740.37,"4,730,250,000",S&P500
2018-10-31,2705.6,2736.69,2705.6,2711.74,2711.74,"5,133,380,000",S&P500
2018-10-30,2640.68,2685.43,2635.34,2682.63,2682.63,"5,125,600,000",S&P500
2018-10-29,2682.65,2706.85,2603.54,2641.25,2641.25,"4,701,260,000",S&P500
2018-10-26,2667.86,2692.38,2628.16,2658.69,2658.69,"4,804,330,000",S&P500
2018-10-25,2674.88,2722.7,2667.84,2705.57,2705.57,"4,663,930,000",S&P500
2018-10-24,2737.87,2742.59,2651.89,2656.1,2656.1,"4,738,670,000",S&P500
2018-10-23,2721.03,2753.59,2691.43,2740.69,2740.69,"4,373,710,000",S&P500
2018-10-22,2773.94,2778.94,2749.22,2755.88,2755.88,"3,331,270,000",S&P500
2018-10-19,2775.66,2797.77,2760.27,2767.78,2767.78,"3,593,940,000",S&P500
2018-10-18,2802.0,2806.04,2755.18,2768.78,2768.78,"3,639,300,000",S&P500
2018-10-17,2811.67,2816.94,2781.81,2809.21,2809.21,"3,347,090,000",S&P500
2018-10-16,2767.05,2813.46,2766.91,2809.92,2809.92,"3,460,260,000",S&P500
2018-10-15,2763.83,2775.99,2749.03,2750.79,2750.79,"3,327,160,000",S&P500
2018-10-12,2770.54,2775.77,2729.44,2767.13,2767.13,"4,024,010,000",S&P500
2018-10-11,2776.87,2795.14,2710.51,2728.37,2728.37,"4,914,090,000",S&P500
2018-10-10,2873.9,2874.02,2784.86,2785.68,2785.68,"4,554,260,000",S&P500
2018-10-09,2882.51,2894.83,2874.27,2880.34,2880.34,"3,531,690,000",S&P500
2018-10-08,2877.53,2889.45,2862.08,2884.43,2884.43,"3,381,820,000",S&P500
2018-10-05,2902.54,2909.64,2869.29,2885.57,2885.57,"3,340,820,000",S&P500
2018-10-04,2919.35,2919.78,2883.92,2901.61,2901.61,"3,510,370,000",S&P500
2018-10-03,2931.69,2939.86,2921.36,2925.51,2925.51,"3,625,510,000",S&P500
2018-10-02,2923.8,2931.42,2919.37,2923.43,2923.43,"3,432,620,000",S&P500
2018-10-01,2926.29,2937.06,2917.91,2924.59,2924.59,"3,375,890,000",S&P500
2018-09-28,2910.03,2920.53,2907.5,2913.98,2913.98,"3,461,680,000",S&P500
2018-09-27,2911.65,2927.22,2909.27,2914.0,2914.0,"3,101,360,000",S&P500
2018-09-26,2916.98,2931.15,2903.28,2905.97,2905.97,"3,417,540,000",S&P500
2018-09-25,2921.75,2923.95,2913.7,2915.56,2915.56,"3,330,880,000",S&P500
2018-09-24,2921.83,2923.79,2912.63,2919.37,2919.37,"3,392,030,000",S&P500
2018-09-21,2936.76,2940.91,2927.11,2929.67,2929.67,"5,652,470,000",S&P500
2018-09-20,2919.73,2934.8,2919.73,2930.75,2930.75,"3,406,520,000",S&P500
2018-09-19,2906.6,2912.36,2903.82,2907.95,2907.95,"3,302,460,000",S&P500
2018-09-18,2890.74,2911.17,2890.43,2904.31,2904.31,"3,091,190,000",S&P500
2018-09-17,2903.83,2904.65,2886.16,2888.8,2888.8,"2,967,980,000",S&P500
2018-09-14,2906.38,2908.3,2895.77,2904.98,2904.98,"3,179,410,000",S&P500
2018-09-13,2896.85,2906.76,2896.39,2904.18,2904.18,"3,274,090,000",S&P500
2018-09-12,2888.29,2894.65,2879.2,2888.92,2888.92,"3,341,280,000",S&P500
2018-09-11,2871.57,2892.52,2866.78,2887.89,2887.89,"2,904,500,000",S&P500
2018-09-10,2881.39,2886.93,2875.94,2877.13,2877.13,"2,751,100,000",S&P500
2018-09-07,2868.26,2883.81,2864.12,2871.68,2871.68,"2,976,580,000",S&P500
2018-09-06,2888.64,2892.05,2867.29,2878.05,2878.05,"3,144,240,000",S&P500
2018-09-05,2891.59,2894.21,2876.92,2888.6,2888.6,"3,248,780,000",S&P500
2018-09-04,2896.96,2900.18,2885.13,2896.72,2896.72,"3,087,420,000",S&P500
2018-08-31,2898.37,2906.32,2891.73,2901.52,2901.52,"2,887,220,000",S&P500
2018-08-30,2908.94,2912.46,2895.22,2901.13,2901.13,"2,810,450,000",S&P500
2018-08-29,2900.62,2916.5,2898.4,2914.04,2914.04,"2,805,520,000",S&P500
2018-08-28,2901.45,2903.77,2893.5,2897.52,2897.52,"2,687,770,000",S&P500
2018-08-27,2884.69,2898.25,2884.69,2896.74,2896.74,"2,865,070,000",S&P500
2018-08-24,2862.35,2876.16,2862.35,2874.69,2874.69,"2,603,010,000",S&P500
2018-08-23,2860.29,2868.78,2854.03,2856.98,2856.98,"2,724,450,000",S&P500
2018-08-22,2860.99,2867.54,2856.05,2861.82,2861.82,"2,701,250,000",S&P500
2018-08-21,2861.51,2873.23,2861.32,2862.96,2862.96,"3,174,010,000",S&P500
2018-08-20,2853.93,2859.76,2850.62,2857.05,2857.05,"2,757,150,000",S&P500
2018-08-17,2838.32,2855.63,2833.73,2850.13,2850.13,"3,037,640,000",S&P500
2018-08-16,2831.44,2850.49,2831.44,2840.69,2840.69,"3,232,000,000",S&P500
2018-08-15,2827.95,2827.95,2802.49,2818.37,2818.37,"3,656,680,000",S&P500
2018-08-14,2827.88,2843.11,2826.58,2839.96,2839.96,"2,986,500,000",S&P500
2018-08-13,2835.46,2843.4,2819.88,2821.93,2821.93,"3,173,630,000",S&P500
2018-08-10,2838.9,2842.2,2825.81,2833.28,2833.28,"3,265,590,000",S&P500
2018-08-09,2857.19,2862.48,2851.98,2853.58,2853.58,"3,066,180,000",S&P500
2018-08-08,2856.79,2862.44,2853.09,2857.7,2857.7,"2,978,070,000",S&P500
2018-08-07,2855.92,2863.43,2855.92,2858.45,2858.45,"3,185,440,000",S&P500
2018-08-06,2840.29,2853.29,2835.98,2850.4,2850.4,"2,879,020,000",S&P500
2018-08-03,2829.62,2840.38,2827.37,2840.35,2840.35,"3,043,690,000",S&P500
2018-08-02,2800.48,2829.91,2796.34,2827.22,2827.22,"3,501,380,000",S&P500
2018-08-01,2821.17,2825.83,2805.85,2813.36,2813.36,"3,501,350,000",S&P500
2018-07-31,2809.73,2824.46,2808.06,2816.29,2816.29,"3,906,890,000",S&P500
2018-07-30,2819.0,2821.74,2798.11,2802.6,2802.6,"3,261,190,000",S&P500
2018-07-27,2842.35,2843.17,2808.34,2818.82,2818.82,"3,434,370,000",S&P500
2018-07-26,2835.49,2845.57,2835.26,2837.44,2837.44,"3,667,290,000",S&P500
2018-07-25,2817.73,2848.03,2817.73,2846.07,2846.07,"3,584,400,000",S&P500
2018-07-24,2820.68,2829.99,2811.12,2820.4,2820.4,"3,430,410,000",S&P500
2018-07-23,2799.17,2808.61,2795.14,2806.98,2806.98,"2,928,490,000",S&P500
2018-07-20,2804.55,2809.7,2800.01,2801.83,2801.83,"3,243,250,000",S&P500
2018-07-19,2809.37,2812.05,2799.77,2804.49,2804.49,"3,278,360,000",S&P500
2018-07-18,2811.35,2816.76,2805.89,2815.62,2815.62,"3,111,560,000",S&P500
2018-07-17,2789.34,2814.19,2789.24,2809.55,2809.55,"3,064,920,000",S&P500
2018-07-16,2797.36,2801.19,2793.39,2798.43,2798.43,"2,819,860,000",S&P500
2018-07-13,2796.93,2804.53,2791.69,2801.31,2801.31,"2,619,790,000",S&P500
2018-07-12,2783.14,2799.22,2781.53,2798.29,2798.29,"2,834,230,000",S&P500
2018-07-11,2779.82,2785.91,2770.77,2774.02,2774.02,"2,986,180,000",S&P500
2018-07-10,2788.56,2795.58,2786.24,2793.84,2793.84,"3,080,140,000",S&P500
2018-07-09,2775.62,2784.65,2770.73,2784.17,2784.17,"3,070,060,000",S&P500
2018-07-06,2737.68,2764.41,2733.52,2759.82,2759.82,"2,590,250,000",S&P500
2018-07-05,2724.19,2737.83,2716.02,2736.61,2736.61,"2,980,160,000",S&P500
2018-07-03,2733.27,2736.58,2711.16,2713.22,2713.22,"1,911,460,000",S&P500
2018-07-02,2704.95,2727.26,2698.95,2726.71,2726.71,"3,095,040,000",S&P500
2018-06-29,2727.13,2743.26,2718.03,2718.37,2718.37,"3,586,800,000",S&P500
2018-06-28,2698.69,2724.34,2691.99,2716.31,2716.31,"3,461,100,000",S&P500
2018-06-27,2728.45,2746.09,2699.38,2699.63,2699.63,"3,803,990,000",S&P500
2018-06-26,2722.12,2732.91,2715.6,2723.06,2723.06,"3,568,900,000",S&P500
2018-06-25,2742.94,2742.94,2698.67,2717.07,2717.07,"3,663,280,000",S&P500
2018-06-22,2760.79,2764.17,2752.68,2754.88,2754.88,"5,468,110,000",S&P500
2018-06-21,2769.28,2769.28,2744.39,2749.76,2749.76,"3,336,580,000",S&P500
2018-06-20,2769.73,2774.86,2763.91,2767.32,2767.32,"3,332,140,000",S&P500
2018-06-19,2752.01,2765.05,2743.19,2762.59,2762.59,"3,671,160,000",S&P500
2018-06-18,2765.79,2774.99,2757.12,2773.75,2773.75,"3,316,120,000",S&P500
2018-06-15,2777.78,2782.81,2761.73,2779.66,2779.66,"5,451,990,000",S&P500
2018-06-14,2783.21,2789.06,2776.52,2782.49,2782.49,"3,540,930,000",S&P500
2018-06-13,2787.94,2791.47,2774.65,2775.63,2775.63,"3,820,770,000",S&P500
2018-06-12,2785.6,2789.8,2778.78,2786.85,2786.85,"3,435,700,000",S&P500
2018-06-11,2780.18,2790.21,2780.17,2782.0,2782.0,"3,262,130,000",S&P500
2018-06-08,2765.84,2779.39,2763.59,2779.03,2779.03,"3,138,850,000",S&P500
2018-06-07,2774.84,2779.9,2760.16,2770.37,2770.37,"3,742,080,000",S&P500
2018-06-06,2753.25,2772.39,2748.46,2772.35,2772.35,"3,662,780,000",S&P500
2018-06-05,2748.46,2752.61,2739.51,2748.8,2748.8,"3,523,550,000",S&P500
2018-06-04,2741.67,2749.16,2740.54,2746.87,2746.87,"3,410,090,000",S&P500
2018-06-01,2718.7,2736.93,2718.7,2734.62,2734.62,"3,694,310,000",S&P500
2018-05-31,2720.98,2722.5,2700.68,2705.27,2705.27,"4,241,100,000",S&P500
2018-05-30,2702.43,2729.34,2702.43,2724.01,2724.01,"3,566,490,000",S&P500
2018-05-29,2705.11,2710.67,2676.81,2689.86,2689.86,"3,743,310,000",S&P500
2018-05-25,2723.6,2727.36,2714.99,2721.33,2721.33,"3,015,260,000",S&P500
2018-05-24,2730.94,2731.97,2707.38,2727.76,2727.76,"3,285,750,000",S&P500
2018-05-23,2713.98,2733.33,2709.54,2733.29,2733.29,"3,333,160,000",S&P500
2018-05-22,2738.34,2742.24,2721.88,2724.44,2724.44,"3,384,140,000",S&P500
2018-05-21,2735.39,2739.19,2725.7,2733.01,2733.01,"3,053,480,000",S&P500
2018-05-18,2717.35,2719.5,2709.18,2712.97,2712.97,"3,383,270,000",S&P500
2018-05-17,2719.71,2731.96,2711.36,2720.13,2720.13,"3,478,150,000",S&P500
2018-05-16,2712.62,2727.76,2712.17,2722.46,2722.46,"3,248,480,000",S&P500
2018-05-15,2718.59,2718.59,2701.91,2711.45,2711.45,"3,291,190,000",S&P500
2018-05-14,2738.47,2742.1,2725.47,2730.13,2730.13,"2,994,360,000",S&P500
2018-05-11,2722.7,2732.86,2717.45,2727.72,2727.72,"2,874,850,000",S&P500
2018-05-10,2705.02,2726.11,2704.54,2723.07,2723.07,"3,380,640,000",S&P500
2018-05-09,2678.12,2701.27,2674.14,2697.79,2697.79,"3,913,650,000",S&P500
2018-05-08,2670.26,2676.34,2655.2,2671.92,2671.92,"3,745,100,000",S&P500
2018-05-07,2680.34,2683.35,2664.7,2672.63,2672.63,"3,266,810,000",S&P500
2018-05-04,2621.45,2670.93,2615.32,2663.42,2663.42,"3,335,260,000",S&P500
2018-05-03,2628.08,2637.14,2594.62,2629.73,2629.73,"3,867,530,000",S&P500
2018-05-02,2654.24,2660.87,2631.7,2635.67,2635.67,"4,047,020,000",S&P500
2018-05-01,2642.96,2655.27,2625.41,2654.8,2654.8,"3,562,820,000",S&P500
2018-04-30,2682.51,2682.87,2648.04,2648.05,2648.05,"3,749,510,000",S&P500
2018-04-27,2675.47,2677.35,2659.01,2669.91,2669.91,"3,234,510,000",S&P500
2018-04-26,2651.65,2676.48,2647.16,2666.94,2666.94,"3,690,920,000",S&P500
2018-04-25,2634.92,2645.3,2612.67,2639.4,2639.4,"3,563,680,000",S&P500
2018-04-24,2680.8,2683.55,2617.32,2634.56,2634.56,"3,716,020,000",S&P500
2018-04-23,2675.4,2682.86,2657.99,2670.29,2670.29,"3,030,390,000",S&P500
2018-04-20,2692.56,2693.94,2660.61,2670.14,2670.14,"3,428,260,000",S&P500
2018-04-19,2701.16,2702.84,2681.9,2693.13,2693.13,"3,375,120,000",S&P500
2018-04-18,2710.11,2717.49,2703.63,2708.64,2708.64,"3,412,030,000",S&P500
2018-04-17,2692.74,2713.34,2692.05,2706.39,2706.39,"3,286,190,000",S&P500
2018-04-16,2670.1,2686.49,2665.16,2677.84,2677.84,"3,020,740,000",S&P500
2018-04-13,2676.9,2680.26,2645.05,2656.3,2656.3,"2,988,540,000",S&P500
2018-04-12,2653.83,2674.72,2653.83,2663.99,2663.99,"3,045,330,000",S&P500
2018-04-11,2643.89,2661.43,2639.25,2642.19,2642.19,"3,054,520,000",S&P500
2018-04-10,2638.41,2665.45,2635.78,2656.87,2656.87,"3,579,130,000",S&P500
2018-04-09,2617.18,2653.55,2610.79,2613.16,2613.16,"3,076,140,000",S&P500
2018-04-06,2645.82,2656.88,2586.27,2604.47,2604.47,"3,312,390,000",S&P500
2018-04-05,2657.36,2672.08,2649.58,2662.84,2662.84,"3,230,430,000",S&P500
2018-04-04,2584.04,2649.86,2573.61,2644.69,2644.69,"3,369,230,000",S&P500
2018-04-03,2592.17,2619.14,2575.49,2614.45,2614.45,"3,395,840,000",S&P500
2018-04-02,2633.45,2638.3,2553.8,2581.88,2581.88,"3,635,780,000",S&P500
2018-03-29,2614.41,2659.07,2609.72,2640.87,2640.87,"3,572,360,000",S&P500
2018-03-28,2611.3,2632.65,2593.06,2605.0,2605.0,"3,875,720,000",S&P500
2018-03-27,2667.57,2674.78,2596.12,2612.62,2612.62,"3,761,320,000",S&P500
2018-03-26,2619.35,2661.36,2601.81,2658.55,2658.55,"3,538,080,000",S&P500
2018-03-23,2646.71,2657.67,2585.89,2588.26,2588.26,"3,829,380,000",S&P500
2018-03-22,2691.36,2695.68,2641.59,2643.69,2643.69,"3,765,460,000",S&P500
2018-03-21,2714.99,2739.14,2709.79,2711.93,2711.93,"3,434,780,000",S&P500
2018-03-20,2715.05,2724.22,2710.05,2716.94,2716.94,"3,272,590,000",S&P500
2018-03-19,2741.38,2741.38,2694.59,2712.92,2712.92,"3,327,460,000",S&P500
2018-03-16,2750.57,2761.85,2749.97,2752.01,2752.01,"5,429,140,000",S&P500
2018-03-15,2754.27,2763.03,2741.47,2747.33,2747.33,"3,543,710,000",S&P500
2018-03-14,2774.06,2777.11,2744.38,2749.48,2749.48,"3,394,630,000",S&P500
2018-03-13,2792.31,2801.9,2758.68,2765.31,2765.31,"3,324,290,000",S&P500
2018-03-12,2790.54,2796.98,2779.26,2783.02,2783.02,"3,216,960,000",S&P500
2018-03-09,2752.91,2786.57,2751.54,2786.57,2786.57,"3,376,870,000",S&P500
2018-03-08,2732.75,2740.45,2722.65,2738.97,2738.97,"3,206,040,000",S&P500
2018-03-07,2710.18,2730.6,2701.74,2726.8,2726.8,"3,406,690,000",S&P500
2018-03-06,2730.18,2732.08,2711.26,2728.12,2728.12,"3,389,030,000",S&P500
2018-03-05,2681.06,2728.09,2675.75,2720.94,2720.94,"3,733,640,000",S&P500
2018-03-02,2658.89,2696.25,2647.32,2691.25,2691.25,"3,891,250,000",S&P500
2018-03-01,2715.22,2730.89,2659.65,2677.67,2677.67,"4,514,490,000",S&P500
2018-02-28,2753.78,2761.52,2713.54,2713.83,2713.83,"4,244,570,000",S&P500
2018-02-27,2780.45,2789.15,2744.22,2744.28,2744.28,"3,752,070,000",S&P500
2018-02-26,2757.37,2780.64,2753.78,2779.6,2779.6,"3,436,590,000",S&P500
2018-02-23,2715.8,2747.76,2713.74,2747.3,2747.3,"3,200,360,000",S&P500
2018-02-22,2710.42,2731.26,2697.77,2703.96,2703.96,"3,720,620,000",S&P500
2018-02-21,2720.53,2747.75,2701.29,2701.33,2701.33,"3,789,040,000",S&P500
2018-02-20,2722.99,2737.6,2706.76,2716.26,2716.26,"3,646,920,000",S&P500
2018-02-16,2727.14,2754.42,2725.11,2732.22,2732.22,"3,646,920,000",S&P500
2018-02-15,2713.46,2731.51,2689.82,2731.2,2731.2,"3,696,140,000",S&P500
2018-02-14,2651.21,2702.1,2648.87,2698.63,2698.63,"4,011,940,000",S&P500
2018-02-13,2646.27,2668.84,2637.08,2662.94,2662.94,"3,503,540,000",S&P500
2018-02-12,2636.75,2672.61,2622.45,2656.0,2656.0,"4,069,220,000",S&P500
2018-02-09,2601.78,2638.67,2532.69,2619.55,2619.55,"5,690,110,000",S&P500
2018-02-08,2685.01,2685.27,2580.56,2581.0,2581.0,"5,333,840,000",S&P500
2018-02-07,2690.95,2727.67,2681.33,2681.66,2681.66,"4,646,300,000",S&P500
2018-02-06,2614.78,2701.04,2593.07,2695.14,2695.14,"5,917,350,000",S&P500
2018-02-05,2741.06,2763.39,2638.17,2648.94,2648.94,"5,310,840,000",S&P500
2018-02-02,2808.92,2808.92,2759.97,2762.13,2762.13,"4,340,220,000",S&P500
2018-02-01,2816.45,2835.96,2812.7,2821.98,2821.98,"3,977,380,000",S&P500
2018-01-31,2832.41,2839.26,2813.04,2823.81,2823.81,"4,276,270,000",S&P500
2018-01-30,2832.74,2837.75,2818.27,2822.43,2822.43,"4,012,070,000",S&P500
2018-01-29,2867.23,2870.62,2851.48,2853.53,2853.53,"3,587,420,000",S&P500
2018-01-26,2847.48,2872.87,2846.18,2872.87,2872.87,"3,474,680,000",S&P500
2018-01-25,2846.24,2848.56,2830.94,2839.25,2839.25,"3,873,100,000",S&P500
2018-01-24,2845.42,2852.97,2824.81,2837.54,2837.54,"4,079,270,000",S&P500
2018-01-23,2835.05,2842.24,2830.59,2839.13,2839.13,"3,541,140,000",S&P500
2018-01-22,2809.16,2833.03,2808.12,2832.97,2832.97,"3,489,480,000",S&P500
2018-01-19,2802.6,2810.33,2798.08,2810.3,2810.3,"3,724,230,000",S&P500
2018-01-18,2802.4,2805.83,2792.56,2798.03,2798.03,"3,703,300,000",S&P500
2018-01-17,2784.99,2807.04,2778.38,2802.56,2802.56,"3,790,340,000",S&P500
2018-01-16,2798.96,2807.54,2768.64,2776.42,2776.42,"4,362,880,000",S&P500
2018-01-12,2770.18,2787.85,2769.64,2786.24,2786.24,"3,587,220,000",S&P500
2018-01-11,2752.97,2767.56,2752.78,2767.56,2767.56,"3,645,690,000",S&P500
2018-01-10,2745.55,2750.8,2736.06,2748.23,2748.23,"3,579,900,000",S&P500
2018-01-09,2751.15,2759.14,2747.86,2751.29,2751.29,"3,467,460,000",S&P500
2018-01-08,2742.67,2748.51,2737.6,2747.71,2747.71,"3,246,160,000",S&P500
2018-01-05,2731.33,2743.45,2727.92,2743.15,2743.15,"3,239,280,000",S&P500
2018-01-04,2719.31,2729.29,2719.07,2723.99,2723.99,"3,697,340,000",S&P500
2018-01-03,2697.85,2714.37,2697.77,2713.06,2713.06,"3,544,030,000",S&P500
2018-01-02,2683.73,2695.89,2682.36,2695.81,2695.81,"3,397,430,000",S&P500
